/*
 Navicat Premium Data Transfer

 Source Server         : localhost_3306
 Source Server Type    : MySQL
 Source Server Version : 50726
 Source Host           : localhost:3306
 Source Schema         : zuowei_yuyue

 Target Server Type    : MySQL
 Target Server Version : 50726
 File Encoding         : 65001

 Date: 26/12/2022 13:45:29
*/

SET NAMES utf8mb4;
SET FOREIGN_KEY_CHECKS = 0;
 
-- ----------------------------
-- Table structure for pdman_db_version
-- ----------------------------
DROP TABLE IF EXISTS `pdman_db_version`;
CREATE TABLE `pdman_db_version`  (
  `DB_VERSION` varchar(256) CHARACTER SET utf8 COLLATE utf8_general_ci NULL DEFAULT NULL,
  `VERSION_DESC` varchar(1024) CHARACTER SET utf8 COLLATE utf8_general_ci NULL DEFAULT NULL,
  `CREATED_TIME` varchar(32) CHARACTER SET utf8 COLLATE utf8_general_ci NULL DEFAULT NULL
) ENGINE = MyISAM CHARACTER SET = utf8 COLLATE = utf8_general_ci ROW_FORMAT = Dynamic;

-- ----------------------------
-- Records of pdman_db_version
-- ----------------------------

-- ----------------------------
-- Table structure for sys_config
-- ----------------------------
DROP TABLE IF EXISTS `sys_config`;
CREATE TABLE `sys_config`  (
  `config_id` int(5) NOT NULL AUTO_INCREMENT COMMENT '参数主键',
  `config_name` varchar(100) CHARACTER SET utf8 COLLATE utf8_general_ci NULL DEFAULT '' COMMENT '参数名称',
  `config_key` varchar(100) CHARACTER SET utf8 COLLATE utf8_general_ci NULL DEFAULT '' COMMENT '参数键名',
  `config_value` varchar(500) CHARACTER SET utf8 COLLATE utf8_general_ci NULL DEFAULT '' COMMENT '参数键值',
  `config_type` char(1) CHARACTER SET utf8 COLLATE utf8_general_ci NULL DEFAULT 'N' COMMENT '系统内置（Y是 N否）',
  `create_by` varchar(64) CHARACTER SET utf8 COLLATE utf8_general_ci NULL DEFAULT '' COMMENT '创建者',
  `create_time` datetime(0) NULL DEFAULT NULL COMMENT '创建时间',
  `update_by` varchar(64) CHARACTER SET utf8 COLLATE utf8_general_ci NULL DEFAULT '' COMMENT '更新者',
  `update_time` datetime(0) NULL DEFAULT NULL COMMENT '更新时间',
  `remark` varchar(500) CHARACTER SET utf8 COLLATE utf8_general_ci NULL DEFAULT NULL COMMENT '备注',
  PRIMARY KEY (`config_id`) USING BTREE
) ENGINE = InnoDB AUTO_INCREMENT = 7 CHARACTER SET = utf8 COLLATE = utf8_general_ci COMMENT = '参数配置表' ROW_FORMAT = Compact;

-- ----------------------------
-- Records of sys_config
-- ----------------------------
INSERT INTO `sys_config` VALUES (1, '主框架页-默认皮肤样式名称', 'sys.index.skinName', 'skin-blue', 'Y', 'admin', '2018-03-16 11:33:00', 'ry', '2018-03-16 11:33:00', '蓝色 skin-blue、绿色 skin-green、紫色 skin-purple、红色 skin-red、黄色 skin-yellow');
INSERT INTO `sys_config` VALUES (2, '用户管理-账号初始密码', 'sys.user.initPassword', '123456', 'Y', 'admin', '2018-03-16 11:33:00', 'ry', '2018-03-16 11:33:00', '初始化密码 123456');
INSERT INTO `sys_config` VALUES (3, '主框架页-侧边栏主题', 'sys.index.sideTheme', 'theme-dark', 'Y', 'admin', '2018-03-16 11:33:00', 'ry', '2018-03-16 11:33:00', '深黑主题theme-dark，浅色主题theme-light，深蓝主题theme-blue');
INSERT INTO `sys_config` VALUES (4, '账号自助-是否开启用户注册功能', 'sys.account.registerUser', 'false', 'Y', 'admin', '2018-03-16 11:33:00', 'ry', '2018-03-16 11:33:00', '是否开启注册用户功能（true开启，false关闭）');
INSERT INTO `sys_config` VALUES (6, '主框架页-菜单导航显示风格', 'sys.index.menuStyle', 'default', 'Y', 'admin', '2018-03-16 11:33:00', 'ry', '2018-03-16 11:33:00', '菜单导航显示风格（default为左侧导航菜单，topnav为顶部导航菜单）');

-- ----------------------------
-- Table structure for sys_dict_data
-- ----------------------------
DROP TABLE IF EXISTS `sys_dict_data`;
CREATE TABLE `sys_dict_data`  (
  `dict_code` bigint(20) NOT NULL AUTO_INCREMENT COMMENT '字典编码',
  `dict_sort` int(4) NULL DEFAULT 0 COMMENT '字典排序',
  `dict_label` varchar(100) CHARACTER SET utf8 COLLATE utf8_general_ci NULL DEFAULT '' COMMENT '字典标签',
  `dict_value` varchar(100) CHARACTER SET utf8 COLLATE utf8_general_ci NULL DEFAULT '' COMMENT '字典键值',
  `dict_type` varchar(100) CHARACTER SET utf8 COLLATE utf8_general_ci NULL DEFAULT '' COMMENT '字典类型',
  `css_class` varchar(100) CHARACTER SET utf8 COLLATE utf8_general_ci NULL DEFAULT NULL COMMENT '样式属性（其他样式扩展）',
  `list_class` varchar(100) CHARACTER SET utf8 COLLATE utf8_general_ci NULL DEFAULT NULL COMMENT '表格回显样式',
  `is_default` char(1) CHARACTER SET utf8 COLLATE utf8_general_ci NULL DEFAULT 'N' COMMENT '是否默认（Y是 N否）',
  `status` char(1) CHARACTER SET utf8 COLLATE utf8_general_ci NULL DEFAULT '0' COMMENT '状态（0正常 1停用）',
  `create_by` varchar(64) CHARACTER SET utf8 COLLATE utf8_general_ci NULL DEFAULT '' COMMENT '创建者',
  `create_time` datetime(0) NULL DEFAULT NULL COMMENT '创建时间',
  `update_by` varchar(64) CHARACTER SET utf8 COLLATE utf8_general_ci NULL DEFAULT '' COMMENT '更新者',
  `update_time` datetime(0) NULL DEFAULT NULL COMMENT '更新时间',
  `remark` varchar(500) CHARACTER SET utf8 COLLATE utf8_general_ci NULL DEFAULT NULL COMMENT '备注',
  PRIMARY KEY (`dict_code`) USING BTREE
) ENGINE = InnoDB AUTO_INCREMENT = 40 CHARACTER SET = utf8 COLLATE = utf8_general_ci COMMENT = '字典数据表' ROW_FORMAT = Compact;

-- ----------------------------
-- Records of sys_dict_data
-- ----------------------------
INSERT INTO `sys_dict_data` VALUES (1, 1, '男', '0', 'sys_user_sex', '', '', 'Y', '0', 'admin', '2018-03-16 11:33:00', 'ry', '2018-03-16 11:33:00', '性别男');
INSERT INTO `sys_dict_data` VALUES (2, 2, '女', '1', 'sys_user_sex', '', '', 'N', '0', 'admin', '2018-03-16 11:33:00', 'ry', '2018-03-16 11:33:00', '性别女');
INSERT INTO `sys_dict_data` VALUES (4, 1, '显示', '0', 'sys_show_hide', '', 'primary', 'Y', '0', 'admin', '2018-03-16 11:33:00', 'ry', '2018-03-16 11:33:00', '显示菜单');
INSERT INTO `sys_dict_data` VALUES (5, 2, '隐藏', '1', 'sys_show_hide', '', 'danger', 'N', '0', 'admin', '2018-03-16 11:33:00', 'ry', '2018-03-16 11:33:00', '隐藏菜单');
INSERT INTO `sys_dict_data` VALUES (6, 1, '正常', '0', 'sys_normal_disable', '', 'primary', 'Y', '0', 'admin', '2018-03-16 11:33:00', 'ry', '2018-03-16 11:33:00', '正常状态');
INSERT INTO `sys_dict_data` VALUES (7, 2, '停用', '1', 'sys_normal_disable', '', 'danger', 'N', '0', 'admin', '2018-03-16 11:33:00', 'ry', '2018-03-16 11:33:00', '停用状态');
INSERT INTO `sys_dict_data` VALUES (8, 1, '正常', '0', 'sys_job_status', '', 'primary', 'Y', '0', 'admin', '2018-03-16 11:33:00', 'ry', '2018-03-16 11:33:00', '正常状态');
INSERT INTO `sys_dict_data` VALUES (9, 2, '暂停', '1', 'sys_job_status', '', 'danger', 'N', '0', 'admin', '2018-03-16 11:33:00', 'ry', '2018-03-16 11:33:00', '停用状态');
INSERT INTO `sys_dict_data` VALUES (10, 1, '默认', 'DEFAULT', 'sys_job_group', '', '', 'Y', '0', 'admin', '2018-03-16 11:33:00', 'ry', '2018-03-16 11:33:00', '默认分组');
INSERT INTO `sys_dict_data` VALUES (11, 2, '系统', 'SYSTEM', 'sys_job_group', '', '', 'N', '0', 'admin', '2018-03-16 11:33:00', 'ry', '2018-03-16 11:33:00', '系统分组');
INSERT INTO `sys_dict_data` VALUES (12, 1, '是', 'Y', 'sys_yes_no', '', 'primary', 'Y', '0', 'admin', '2018-03-16 11:33:00', 'ry', '2018-03-16 11:33:00', '系统默认是');
INSERT INTO `sys_dict_data` VALUES (13, 2, '否', 'N', 'sys_yes_no', '', 'danger', 'N', '0', 'admin', '2018-03-16 11:33:00', 'ry', '2018-03-16 11:33:00', '系统默认否');
INSERT INTO `sys_dict_data` VALUES (14, 1, '通知', '1', 'sys_notice_type', '', 'warning', 'Y', '0', 'admin', '2018-03-16 11:33:00', 'ry', '2018-03-16 11:33:00', '通知');
INSERT INTO `sys_dict_data` VALUES (15, 2, '公告', '2', 'sys_notice_type', '', 'success', 'N', '0', 'admin', '2018-03-16 11:33:00', 'ry', '2018-03-16 11:33:00', '公告');
INSERT INTO `sys_dict_data` VALUES (16, 1, '正常', '0', 'sys_notice_status', '', 'primary', 'Y', '0', 'admin', '2018-03-16 11:33:00', 'ry', '2018-03-16 11:33:00', '正常状态');
INSERT INTO `sys_dict_data` VALUES (17, 2, '关闭', '1', 'sys_notice_status', '', 'danger', 'N', '0', 'admin', '2018-03-16 11:33:00', 'ry', '2018-03-16 11:33:00', '关闭状态');
INSERT INTO `sys_dict_data` VALUES (18, 99, '其他', '0', 'sys_oper_type', '', 'info', 'N', '0', 'admin', '2018-03-16 11:33:00', 'ry', '2018-03-16 11:33:00', '其他操作');
INSERT INTO `sys_dict_data` VALUES (19, 1, '新增', '1', 'sys_oper_type', '', 'info', 'N', '0', 'admin', '2018-03-16 11:33:00', 'ry', '2018-03-16 11:33:00', '新增操作');
INSERT INTO `sys_dict_data` VALUES (20, 2, '修改', '2', 'sys_oper_type', '', 'info', 'N', '0', 'admin', '2018-03-16 11:33:00', 'ry', '2018-03-16 11:33:00', '修改操作');
INSERT INTO `sys_dict_data` VALUES (21, 3, '删除', '3', 'sys_oper_type', '', 'danger', 'N', '0', 'admin', '2018-03-16 11:33:00', 'ry', '2018-03-16 11:33:00', '删除操作');
INSERT INTO `sys_dict_data` VALUES (22, 4, '授权', '4', 'sys_oper_type', '', 'primary', 'N', '0', 'admin', '2018-03-16 11:33:00', 'ry', '2018-03-16 11:33:00', '授权操作');
INSERT INTO `sys_dict_data` VALUES (23, 5, '导出', '5', 'sys_oper_type', '', 'warning', 'N', '0', 'admin', '2018-03-16 11:33:00', 'ry', '2018-03-16 11:33:00', '导出操作');
INSERT INTO `sys_dict_data` VALUES (24, 6, '导入', '6', 'sys_oper_type', '', 'warning', 'N', '0', 'admin', '2018-03-16 11:33:00', 'ry', '2018-03-16 11:33:00', '导入操作');
INSERT INTO `sys_dict_data` VALUES (25, 7, '强退', '7', 'sys_oper_type', '', 'danger', 'N', '0', 'admin', '2018-03-16 11:33:00', 'ry', '2018-03-16 11:33:00', '强退操作');
INSERT INTO `sys_dict_data` VALUES (26, 8, '生成代码', '8', 'sys_oper_type', '', 'warning', 'N', '0', 'admin', '2018-03-16 11:33:00', 'ry', '2018-03-16 11:33:00', '生成操作');
INSERT INTO `sys_dict_data` VALUES (27, 9, '清空数据', '9', 'sys_oper_type', '', 'danger', 'N', '0', 'admin', '2018-03-16 11:33:00', 'ry', '2018-03-16 11:33:00', '清空操作');
INSERT INTO `sys_dict_data` VALUES (28, 1, '成功', '0', 'sys_common_status', '', 'primary', 'N', '0', 'admin', '2018-03-16 11:33:00', 'ry', '2018-03-16 11:33:00', '正常状态');
INSERT INTO `sys_dict_data` VALUES (29, 2, '失败', '1', 'sys_common_status', '', 'danger', 'N', '0', 'admin', '2018-03-16 11:33:00', 'ry', '2018-03-16 11:33:00', '停用状态');
INSERT INTO `sys_dict_data` VALUES (30, 0, '已提交', '已提交', 'fankui', NULL, 'primary', 'Y', '0', 'admin', '2022-12-05 22:06:52', '', NULL, NULL);
INSERT INTO `sys_dict_data` VALUES (31, 1, '已打卡', '已打卡', 'fankui', NULL, 'info', 'Y', '0', 'admin', '2022-12-05 22:07:09', '', NULL, NULL);
INSERT INTO `sys_dict_data` VALUES (32, 2, '已违约', '已违约', 'fankui', NULL, 'danger', 'Y', '0', 'admin', '2022-12-05 22:07:22', '', NULL, NULL);
INSERT INTO `sys_dict_data` VALUES (33, 1, '待审核', '待审核', 'yuyue', NULL, 'primary', 'Y', '0', 'admin', '2022-12-05 22:08:06', '', NULL, NULL);
INSERT INTO `sys_dict_data` VALUES (34, 2, '待打卡', '待打卡', 'yuyue', '', 'success', 'Y', '0', 'admin', '2022-12-05 22:08:20', 'admin', '2022-12-05 22:08:53', '');
INSERT INTO `sys_dict_data` VALUES (35, 3, '驳回', '驳回', 'yuyue', NULL, 'danger', 'Y', '0', 'admin', '2022-12-05 22:08:33', '', NULL, NULL);
INSERT INTO `sys_dict_data` VALUES (36, 4, '已取消', '已取消', 'yuyue', NULL, 'warning', 'Y', '0', 'admin', '2022-12-05 22:09:24', '', NULL, NULL);
INSERT INTO `sys_dict_data` VALUES (37, 5, '退座', '退座', 'yuyue', '', 'info', 'Y', '0', 'admin', '2022-12-05 22:09:40', 'admin', '2022-12-05 22:10:29', '');
INSERT INTO `sys_dict_data` VALUES (38, 6, '暂离', '暂离', 'yuyue', NULL, 'warning', 'Y', '0', 'admin', '2022-12-05 22:10:41', '', NULL, NULL);
INSERT INTO `sys_dict_data` VALUES (39, 2, '占用', '占用', 'yuyue', NULL, 'info', 'Y', '0', 'admin', '2022-12-06 21:48:56', '', NULL, NULL);

-- ----------------------------
-- Table structure for sys_dict_type
-- ----------------------------
DROP TABLE IF EXISTS `sys_dict_type`;
CREATE TABLE `sys_dict_type`  (
  `dict_id` bigint(20) NOT NULL AUTO_INCREMENT COMMENT '字典主键',
  `dict_name` varchar(100) CHARACTER SET utf8 COLLATE utf8_general_ci NULL DEFAULT '' COMMENT '字典名称',
  `dict_type` varchar(100) CHARACTER SET utf8 COLLATE utf8_general_ci NULL DEFAULT '' COMMENT '字典类型',
  `status` char(1) CHARACTER SET utf8 COLLATE utf8_general_ci NULL DEFAULT '0' COMMENT '状态（0正常 1停用）',
  `create_by` varchar(64) CHARACTER SET utf8 COLLATE utf8_general_ci NULL DEFAULT '' COMMENT '创建者',
  `create_time` datetime(0) NULL DEFAULT NULL COMMENT '创建时间',
  `update_by` varchar(64) CHARACTER SET utf8 COLLATE utf8_general_ci NULL DEFAULT '' COMMENT '更新者',
  `update_time` datetime(0) NULL DEFAULT NULL COMMENT '更新时间',
  `remark` varchar(500) CHARACTER SET utf8 COLLATE utf8_general_ci NULL DEFAULT NULL COMMENT '备注',
  PRIMARY KEY (`dict_id`) USING BTREE,
  UNIQUE INDEX `dict_type`(`dict_type`) USING BTREE
) ENGINE = InnoDB AUTO_INCREMENT = 9 CHARACTER SET = utf8 COLLATE = utf8_general_ci COMMENT = '字典类型表' ROW_FORMAT = Compact;

-- ----------------------------
-- Records of sys_dict_type
-- ----------------------------
INSERT INTO `sys_dict_type` VALUES (1, '用户性别', 'sys_user_sex', '0', 'admin', '2018-03-16 11:33:00', 'ry', '2018-03-16 11:33:00', '用户性别列表');
INSERT INTO `sys_dict_type` VALUES (2, '菜单状态', 'sys_show_hide', '0', 'admin', '2018-03-16 11:33:00', 'ry', '2018-03-16 11:33:00', '菜单状态列表');
INSERT INTO `sys_dict_type` VALUES (3, '系统开关', 'sys_normal_disable', '0', 'admin', '2018-03-16 11:33:00', 'ry', '2018-03-16 11:33:00', '系统开关列表');
INSERT INTO `sys_dict_type` VALUES (6, '系统是否', 'sys_yes_no', '0', 'admin', '2018-03-16 11:33:00', 'ry', '2018-03-16 11:33:00', '系统是否列表');
INSERT INTO `sys_dict_type` VALUES (7, '反馈状态', 'fankui', '0', 'admin', '2022-12-05 22:06:37', '', NULL, NULL);
INSERT INTO `sys_dict_type` VALUES (8, '预约状态', 'yuyue', '0', 'admin', '2022-12-05 22:07:49', '', NULL, NULL);

-- ----------------------------
-- Table structure for sys_menu
-- ----------------------------
DROP TABLE IF EXISTS `sys_menu`;
CREATE TABLE `sys_menu`  (
  `menu_id` bigint(20) NOT NULL AUTO_INCREMENT COMMENT '菜单ID',
  `menu_name` varchar(50) CHARACTER SET utf8 COLLATE utf8_general_ci NOT NULL COMMENT '菜单名称',
  `parent_id` bigint(20) NULL DEFAULT 0 COMMENT '父菜单ID',
  `order_num` int(4) NULL DEFAULT 0 COMMENT '显示顺序',
  `url` varchar(200) CHARACTER SET utf8 COLLATE utf8_general_ci NULL DEFAULT '#' COMMENT '请求地址',
  `target` varchar(20) CHARACTER SET utf8 COLLATE utf8_general_ci NULL DEFAULT '' COMMENT '打开方式（menuItem页签 menuBlank新窗口）',
  `menu_type` char(1) CHARACTER SET utf8 COLLATE utf8_general_ci NULL DEFAULT '' COMMENT '菜单类型（M目录 C菜单 F按钮）',
  `visible` char(1) CHARACTER SET utf8 COLLATE utf8_general_ci NULL DEFAULT '0' COMMENT '菜单状态（0显示 1隐藏）',
  `perms` varchar(100) CHARACTER SET utf8 COLLATE utf8_general_ci NULL DEFAULT NULL COMMENT '权限标识',
  `icon` varchar(100) CHARACTER SET utf8 COLLATE utf8_general_ci NULL DEFAULT '#' COMMENT '菜单图标',
  `create_by` varchar(64) CHARACTER SET utf8 COLLATE utf8_general_ci NULL DEFAULT '' COMMENT '创建者',
  `create_time` datetime(0) NULL DEFAULT NULL COMMENT '创建时间',
  `update_by` varchar(64) CHARACTER SET utf8 COLLATE utf8_general_ci NULL DEFAULT '' COMMENT '更新者',
  `update_time` datetime(0) NULL DEFAULT NULL COMMENT '更新时间',
  `remark` varchar(500) CHARACTER SET utf8 COLLATE utf8_general_ci NULL DEFAULT '' COMMENT '备注',
  PRIMARY KEY (`menu_id`) USING BTREE
) ENGINE = InnoDB AUTO_INCREMENT = 1140 CHARACTER SET = utf8 COLLATE = utf8_general_ci COMMENT = '菜单权限表' ROW_FORMAT = Compact;

-- ----------------------------
-- Records of sys_menu
-- ----------------------------
INSERT INTO `sys_menu` VALUES (1, '系统管理', 0, 1, '#', '', 'M', '0', '', 'fa fa-gear', 'admin', '2018-03-16 11:33:00', 'ry', '2018-03-16 11:33:00', '系统管理目录');
INSERT INTO `sys_menu` VALUES (3, '系统工具', 0, 3, '#', '', 'M', '1', '', 'fa fa-bars', 'admin', '2018-03-16 11:33:00', 'ry', '2018-03-16 11:33:00', '系统工具目录');
INSERT INTO `sys_menu` VALUES (100, '用户管理', 1, 1, '/system/user', '', 'C', '0', 'system:user:view', 'fa fa-user-o', 'admin', '2018-03-16 11:33:00', 'ry', '2018-03-16 11:33:00', '用户管理菜单');
INSERT INTO `sys_menu` VALUES (101, '角色管理', 1, 2, '/system/role', '', 'C', '1', 'system:role:view', 'fa fa-user-secret', 'admin', '2018-03-16 11:33:00', 'ry', '2018-03-16 11:33:00', '角色管理菜单');
INSERT INTO `sys_menu` VALUES (102, '菜单管理', 1, 3, '/system/menu', '', 'C', '1', 'system:menu:view', 'fa fa-th-list', 'admin', '2018-03-16 11:33:00', 'ry', '2018-03-16 11:33:00', '菜单管理菜单');
INSERT INTO `sys_menu` VALUES (105, '字典管理', 1, 6, '/system/dict', '', 'C', '1', 'system:dict:view', 'fa fa-bookmark-o', 'admin', '2018-03-16 11:33:00', 'ry', '2018-03-16 11:33:00', '字典管理菜单');
INSERT INTO `sys_menu` VALUES (106, '参数设置', 1, 7, '/system/config', '', 'C', '1', 'system:config:view', 'fa fa-sun-o', 'admin', '2018-03-16 11:33:00', 'ry', '2018-03-16 11:33:00', '参数设置菜单');
INSERT INTO `sys_menu` VALUES (113, '表单构建', 3, 1, '/tool/build', '', 'C', '0', 'tool:build:view', 'fa fa-wpforms', 'admin', '2018-03-16 11:33:00', 'ry', '2018-03-16 11:33:00', '表单构建菜单');
INSERT INTO `sys_menu` VALUES (114, '代码生成', 3, 2, '/tool/gen', '', 'C', '0', 'tool:gen:view', 'fa fa-code', 'admin', '2018-03-16 11:33:00', 'ry', '2018-03-16 11:33:00', '代码生成菜单');
INSERT INTO `sys_menu` VALUES (1000, '用户查询', 100, 1, '#', '', 'F', '0', 'system:user:list', '#', 'admin', '2018-03-16 11:33:00', 'ry', '2018-03-16 11:33:00', '');
INSERT INTO `sys_menu` VALUES (1001, '用户新增', 100, 2, '#', '', 'F', '0', 'system:user:add', '#', 'admin', '2018-03-16 11:33:00', 'ry', '2018-03-16 11:33:00', '');
INSERT INTO `sys_menu` VALUES (1002, '用户修改', 100, 3, '#', '', 'F', '0', 'system:user:edit', '#', 'admin', '2018-03-16 11:33:00', 'ry', '2018-03-16 11:33:00', '');
INSERT INTO `sys_menu` VALUES (1003, '用户删除', 100, 4, '#', '', 'F', '0', 'system:user:remove', '#', 'admin', '2018-03-16 11:33:00', 'ry', '2018-03-16 11:33:00', '');
INSERT INTO `sys_menu` VALUES (1004, '用户导出', 100, 5, '#', '', 'F', '0', 'system:user:export', '#', 'admin', '2018-03-16 11:33:00', 'ry', '2018-03-16 11:33:00', '');
INSERT INTO `sys_menu` VALUES (1005, '用户导入', 100, 6, '#', '', 'F', '0', 'system:user:import', '#', 'admin', '2018-03-16 11:33:00', 'ry', '2018-03-16 11:33:00', '');
INSERT INTO `sys_menu` VALUES (1006, '重置密码', 100, 7, '#', '', 'F', '0', 'system:user:resetPwd', '#', 'admin', '2018-03-16 11:33:00', 'ry', '2018-03-16 11:33:00', '');
INSERT INTO `sys_menu` VALUES (1007, '角色查询', 101, 1, '#', '', 'F', '0', 'system:role:list', '#', 'admin', '2018-03-16 11:33:00', 'ry', '2018-03-16 11:33:00', '');
INSERT INTO `sys_menu` VALUES (1008, '角色新增', 101, 2, '#', '', 'F', '0', 'system:role:add', '#', 'admin', '2018-03-16 11:33:00', 'ry', '2018-03-16 11:33:00', '');
INSERT INTO `sys_menu` VALUES (1009, '角色修改', 101, 3, '#', '', 'F', '0', 'system:role:edit', '#', 'admin', '2018-03-16 11:33:00', 'ry', '2018-03-16 11:33:00', '');
INSERT INTO `sys_menu` VALUES (1010, '角色删除', 101, 4, '#', '', 'F', '0', 'system:role:remove', '#', 'admin', '2018-03-16 11:33:00', 'ry', '2018-03-16 11:33:00', '');
INSERT INTO `sys_menu` VALUES (1011, '角色导出', 101, 5, '#', '', 'F', '0', 'system:role:export', '#', 'admin', '2018-03-16 11:33:00', 'ry', '2018-03-16 11:33:00', '');
INSERT INTO `sys_menu` VALUES (1012, '菜单查询', 102, 1, '#', '', 'F', '0', 'system:menu:list', '#', 'admin', '2018-03-16 11:33:00', 'ry', '2018-03-16 11:33:00', '');
INSERT INTO `sys_menu` VALUES (1013, '菜单新增', 102, 2, '#', '', 'F', '0', 'system:menu:add', '#', 'admin', '2018-03-16 11:33:00', 'ry', '2018-03-16 11:33:00', '');
INSERT INTO `sys_menu` VALUES (1014, '菜单修改', 102, 3, '#', '', 'F', '0', 'system:menu:edit', '#', 'admin', '2018-03-16 11:33:00', 'ry', '2018-03-16 11:33:00', '');
INSERT INTO `sys_menu` VALUES (1015, '菜单删除', 102, 4, '#', '', 'F', '0', 'system:menu:remove', '#', 'admin', '2018-03-16 11:33:00', 'ry', '2018-03-16 11:33:00', '');
INSERT INTO `sys_menu` VALUES (1025, '字典查询', 105, 1, '#', '', 'F', '0', 'system:dict:list', '#', 'admin', '2018-03-16 11:33:00', 'ry', '2018-03-16 11:33:00', '');
INSERT INTO `sys_menu` VALUES (1026, '字典新增', 105, 2, '#', '', 'F', '0', 'system:dict:add', '#', 'admin', '2018-03-16 11:33:00', 'ry', '2018-03-16 11:33:00', '');
INSERT INTO `sys_menu` VALUES (1027, '字典修改', 105, 3, '#', '', 'F', '0', 'system:dict:edit', '#', 'admin', '2018-03-16 11:33:00', 'ry', '2018-03-16 11:33:00', '');
INSERT INTO `sys_menu` VALUES (1028, '字典删除', 105, 4, '#', '', 'F', '0', 'system:dict:remove', '#', 'admin', '2018-03-16 11:33:00', 'ry', '2018-03-16 11:33:00', '');
INSERT INTO `sys_menu` VALUES (1029, '字典导出', 105, 5, '#', '', 'F', '0', 'system:dict:export', '#', 'admin', '2018-03-16 11:33:00', 'ry', '2018-03-16 11:33:00', '');
INSERT INTO `sys_menu` VALUES (1030, '参数查询', 106, 1, '#', '', 'F', '0', 'system:config:list', '#', 'admin', '2018-03-16 11:33:00', 'ry', '2018-03-16 11:33:00', '');
INSERT INTO `sys_menu` VALUES (1031, '参数新增', 106, 2, '#', '', 'F', '0', 'system:config:add', '#', 'admin', '2018-03-16 11:33:00', 'ry', '2018-03-16 11:33:00', '');
INSERT INTO `sys_menu` VALUES (1032, '参数修改', 106, 3, '#', '', 'F', '0', 'system:config:edit', '#', 'admin', '2018-03-16 11:33:00', 'ry', '2018-03-16 11:33:00', '');
INSERT INTO `sys_menu` VALUES (1033, '参数删除', 106, 4, '#', '', 'F', '0', 'system:config:remove', '#', 'admin', '2018-03-16 11:33:00', 'ry', '2018-03-16 11:33:00', '');
INSERT INTO `sys_menu` VALUES (1034, '参数导出', 106, 5, '#', '', 'F', '0', 'system:config:export', '#', 'admin', '2018-03-16 11:33:00', 'ry', '2018-03-16 11:33:00', '');
INSERT INTO `sys_menu` VALUES (1057, '生成查询', 114, 1, '#', '', 'F', '0', 'tool:gen:list', '#', 'admin', '2018-03-16 11:33:00', 'ry', '2018-03-16 11:33:00', '');
INSERT INTO `sys_menu` VALUES (1058, '生成修改', 114, 2, '#', '', 'F', '0', 'tool:gen:edit', '#', 'admin', '2018-03-16 11:33:00', 'ry', '2018-03-16 11:33:00', '');
INSERT INTO `sys_menu` VALUES (1059, '生成删除', 114, 3, '#', '', 'F', '0', 'tool:gen:remove', '#', 'admin', '2018-03-16 11:33:00', 'ry', '2018-03-16 11:33:00', '');
INSERT INTO `sys_menu` VALUES (1060, '预览代码', 114, 4, '#', '', 'F', '0', 'tool:gen:preview', '#', 'admin', '2018-03-16 11:33:00', 'ry', '2018-03-16 11:33:00', '');
INSERT INTO `sys_menu` VALUES (1061, '生成代码', 114, 5, '#', '', 'F', '0', 'tool:gen:code', '#', 'admin', '2018-03-16 11:33:00', 'ry', '2018-03-16 11:33:00', '');
INSERT INTO `sys_menu` VALUES (1066, '用户反馈', 0, 6, '#', 'menuItem', 'M', '0', NULL, 'fa fa-american-sign-language-interpreting', 'admin', '2021-03-25 15:04:04', '', NULL, '');
INSERT INTO `sys_menu` VALUES (1068, '通知管理', 0, 8, '#', 'menuItem', 'M', '0', NULL, 'fa fa-bell', 'admin', '2021-03-25 15:04:39', '', NULL, '');
INSERT INTO `sys_menu` VALUES (1087, '通知管理', 1068, 1, '/system/post/1', 'menuItem', 'C', '0', 'system:post:view', '#', 'admin', '2018-03-01 00:00:00', 'admin', '2022-12-06 18:05:31', '通知管理菜单');
INSERT INTO `sys_menu` VALUES (1088, '通知管理查询', 1087, 1, '#', '', 'F', '0', 'system:post:list', '#', 'admin', '2018-03-01 00:00:00', 'ry', '2018-03-01 00:00:00', '');
INSERT INTO `sys_menu` VALUES (1089, '通知管理新增', 1087, 2, '#', '', 'F', '0', 'system:post:add', '#', 'admin', '2018-03-01 00:00:00', 'ry', '2018-03-01 00:00:00', '');
INSERT INTO `sys_menu` VALUES (1090, '通知管理修改', 1087, 3, '#', '', 'F', '0', 'system:post:edit', '#', 'admin', '2018-03-01 00:00:00', 'ry', '2018-03-01 00:00:00', '');
INSERT INTO `sys_menu` VALUES (1091, '通知管理删除', 1087, 4, '#', '', 'F', '0', 'system:post:remove', '#', 'admin', '2018-03-01 00:00:00', 'ry', '2018-03-01 00:00:00', '');
INSERT INTO `sys_menu` VALUES (1092, '通知管理导出', 1087, 5, '#', '', 'F', '0', 'system:post:export', '#', 'admin', '2018-03-01 00:00:00', 'ry', '2018-03-01 00:00:00', '');
INSERT INTO `sys_menu` VALUES (1111, '讨论区', 0, 3, '#', 'menuItem', 'M', '0', NULL, 'fa fa-book', 'admin', '2022-12-05 22:12:29', '', NULL, '');
INSERT INTO `sys_menu` VALUES (1112, '座位预约', 0, 3, '#', 'menuItem', 'M', '0', NULL, 'fa fa-beer', 'admin', '2022-12-05 22:13:57', '', NULL, '');
INSERT INTO `sys_menu` VALUES (1113, '讨论区', 1111, 2, '/system/post/2', 'menuItem', 'C', '0', NULL, '#', 'admin', '2022-12-06 18:05:48', '', NULL, '');
INSERT INTO `sys_menu` VALUES (1114, '订座预约', 1112, 1, '/system/yuyue', '', 'C', '0', 'system:yuyue:view', '#', 'admin', '2018-03-01 00:00:00', 'ry', '2018-03-01 00:00:00', '订座预约菜单');
INSERT INTO `sys_menu` VALUES (1115, '订座预约查询', 1114, 1, '#', '', 'F', '0', 'system:yuyue:list', '#', 'admin', '2018-03-01 00:00:00', 'ry', '2018-03-01 00:00:00', '');
INSERT INTO `sys_menu` VALUES (1116, '订座预约新增', 1114, 2, '#', '', 'F', '0', 'system:yuyue:add', '#', 'admin', '2018-03-01 00:00:00', 'ry', '2018-03-01 00:00:00', '');
INSERT INTO `sys_menu` VALUES (1117, '订座预约修改', 1114, 3, '#', '', 'F', '0', 'system:yuyue:edit', '#', 'admin', '2018-03-01 00:00:00', 'ry', '2018-03-01 00:00:00', '');
INSERT INTO `sys_menu` VALUES (1118, '订座预约删除', 1114, 4, '#', '', 'F', '0', 'system:yuyue:remove', '#', 'admin', '2018-03-01 00:00:00', 'ry', '2018-03-01 00:00:00', '');
INSERT INTO `sys_menu` VALUES (1119, '订座预约导出', 1114, 5, '#', '', 'F', '0', 'system:yuyue:export', '#', 'admin', '2018-03-01 00:00:00', 'ry', '2018-03-01 00:00:00', '');
INSERT INTO `sys_menu` VALUES (1126, '讨论消息', 1111, 1, '/system/pinglun', '', 'C', '1', 'system:pinglun:view', '#', 'admin', '2018-03-01 00:00:00', 'ry', '2018-03-01 00:00:00', '讨论消息菜单');
INSERT INTO `sys_menu` VALUES (1127, '讨论消息查询', 1126, 1, '#', '', 'F', '0', 'system:pinglun:list', '#', 'admin', '2018-03-01 00:00:00', 'ry', '2018-03-01 00:00:00', '');
INSERT INTO `sys_menu` VALUES (1128, '讨论消息新增', 1126, 2, '#', '', 'F', '0', 'system:pinglun:add', '#', 'admin', '2018-03-01 00:00:00', 'ry', '2018-03-01 00:00:00', '');
INSERT INTO `sys_menu` VALUES (1129, '讨论消息修改', 1126, 3, '#', '', 'F', '0', 'system:pinglun:edit', '#', 'admin', '2018-03-01 00:00:00', 'ry', '2018-03-01 00:00:00', '');
INSERT INTO `sys_menu` VALUES (1130, '讨论消息删除', 1126, 4, '#', '', 'F', '0', 'system:pinglun:remove', '#', 'admin', '2018-03-01 00:00:00', 'ry', '2018-03-01 00:00:00', '');
INSERT INTO `sys_menu` VALUES (1131, '讨论消息导出', 1126, 5, '#', '', 'F', '0', 'system:pinglun:export', '#', 'admin', '2018-03-01 00:00:00', 'ry', '2018-03-01 00:00:00', '');
INSERT INTO `sys_menu` VALUES (1132, '反馈', 1066, 1, '/system/fankui', '', 'C', '0', 'system:fankui:view', '#', 'admin', '2018-03-01 00:00:00', 'ry', '2018-03-01 00:00:00', '反馈菜单');
INSERT INTO `sys_menu` VALUES (1133, '反馈查询', 1132, 1, '#', '', 'F', '0', 'system:fankui:list', '#', 'admin', '2018-03-01 00:00:00', 'ry', '2018-03-01 00:00:00', '');
INSERT INTO `sys_menu` VALUES (1134, '反馈新增', 1132, 2, '#', '', 'F', '0', 'system:fankui:add', '#', 'admin', '2018-03-01 00:00:00', 'ry', '2018-03-01 00:00:00', '');
INSERT INTO `sys_menu` VALUES (1135, '反馈修改', 1132, 3, '#', '', 'F', '0', 'system:fankui:edit', '#', 'admin', '2018-03-01 00:00:00', 'ry', '2018-03-01 00:00:00', '');
INSERT INTO `sys_menu` VALUES (1136, '反馈删除', 1132, 4, '#', '', 'F', '0', 'system:fankui:remove', '#', 'admin', '2018-03-01 00:00:00', 'ry', '2018-03-01 00:00:00', '');
INSERT INTO `sys_menu` VALUES (1137, '反馈导出', 1132, 5, '#', '', 'F', '0', 'system:fankui:export', '#', 'admin', '2018-03-01 00:00:00', 'ry', '2018-03-01 00:00:00', '');
INSERT INTO `sys_menu` VALUES (1138, '预约规则', 1068, 2, '/system/post/0', 'menuItem', 'C', '1', NULL, '#', 'admin', '2022-12-06 18:22:11', '', NULL, '');
INSERT INTO `sys_menu` VALUES (1139, '座位管理', 1112, 3, '/system/yuyue/zuowei', 'menuItem', 'C', '0', NULL, '#', 'admin', '2022-12-06 21:53:22', '', NULL, '');

-- ----------------------------
-- Table structure for sys_role
-- ----------------------------
DROP TABLE IF EXISTS `sys_role`;
CREATE TABLE `sys_role`  (
  `role_id` bigint(20) NOT NULL AUTO_INCREMENT COMMENT '角色ID',
  `role_name` varchar(30) CHARACTER SET utf8 COLLATE utf8_general_ci NOT NULL COMMENT '角色名称',
  `role_key` varchar(100) CHARACTER SET utf8 COLLATE utf8_general_ci NOT NULL COMMENT '角色权限字符串',
  `role_sort` int(4) NOT NULL COMMENT '显示顺序',
  `data_scope` char(1) CHARACTER SET utf8 COLLATE utf8_general_ci NULL DEFAULT '1' COMMENT '数据范围（1：全部数据权限 2：自定数据权限 3：本部门数据权限 4：本部门及以下数据权限）',
  `status` char(1) CHARACTER SET utf8 COLLATE utf8_general_ci NOT NULL COMMENT '角色状态（0正常 1停用）',
  `del_flag` char(1) CHARACTER SET utf8 COLLATE utf8_general_ci NULL DEFAULT '0' COMMENT '删除标志（0代表存在 2代表删除）',
  `create_by` varchar(64) CHARACTER SET utf8 COLLATE utf8_general_ci NULL DEFAULT '' COMMENT '创建者',
  `create_time` datetime(0) NULL DEFAULT NULL COMMENT '创建时间',
  `update_by` varchar(64) CHARACTER SET utf8 COLLATE utf8_general_ci NULL DEFAULT '' COMMENT '更新者',
  `update_time` datetime(0) NULL DEFAULT NULL COMMENT '更新时间',
  `remark` varchar(500) CHARACTER SET utf8 COLLATE utf8_general_ci NULL DEFAULT NULL COMMENT '备注',
  PRIMARY KEY (`role_id`) USING BTREE
) ENGINE = InnoDB AUTO_INCREMENT = 3 CHARACTER SET = utf8 COLLATE = utf8_general_ci COMMENT = '角色信息表' ROW_FORMAT = Compact;

-- ----------------------------
-- Records of sys_role
-- ----------------------------
INSERT INTO `sys_role` VALUES (1, '超级管理员', 'admin', 1, '1', '0', '0', 'admin', '2018-03-16 11:33:00', 'ry', '2018-03-16 11:33:00', '超级管理员');
INSERT INTO `sys_role` VALUES (2, '用户', 'teacher', 2, '2', '0', '0', 'admin', '2018-03-16 11:33:00', 'admin', '2021-03-25 15:28:53', '普通角色');

-- ----------------------------
-- Table structure for sys_role_menu
-- ----------------------------
DROP TABLE IF EXISTS `sys_role_menu`;
CREATE TABLE `sys_role_menu`  (
  `role_id` bigint(20) NOT NULL COMMENT '角色ID',
  `menu_id` bigint(20) NOT NULL COMMENT '菜单ID',
  PRIMARY KEY (`role_id`, `menu_id`) USING BTREE
) ENGINE = InnoDB CHARACTER SET = utf8 COLLATE = utf8_general_ci COMMENT = '角色和菜单关联表' ROW_FORMAT = Compact;

-- ----------------------------
-- Records of sys_role_menu
-- ----------------------------

-- ----------------------------
-- Table structure for sys_user
-- ----------------------------
DROP TABLE IF EXISTS `sys_user`;
CREATE TABLE `sys_user`  (
  `user_id` bigint(20) NOT NULL AUTO_INCREMENT COMMENT '用户ID',
  `login_name` varchar(30) CHARACTER SET utf8 COLLATE utf8_general_ci NOT NULL COMMENT '登录账号',
  `user_name` varchar(30) CHARACTER SET utf8 COLLATE utf8_general_ci NULL DEFAULT '' COMMENT '用户昵称',
  `user_type` varchar(2) CHARACTER SET utf8 COLLATE utf8_general_ci NULL DEFAULT '00' COMMENT '用户类型（00系统用户 01注册用户）',
  `email` varchar(50) CHARACTER SET utf8 COLLATE utf8_general_ci NULL DEFAULT '' COMMENT '用户邮箱',
  `phonenumber` varchar(11) CHARACTER SET utf8 COLLATE utf8_general_ci NULL DEFAULT '' COMMENT '手机号码',
  `sex` char(1) CHARACTER SET utf8 COLLATE utf8_general_ci NULL DEFAULT '0' COMMENT '用户性别（0男 1女 2未知）',
  `avatar` varchar(100) CHARACTER SET utf8 COLLATE utf8_general_ci NULL DEFAULT '' COMMENT '头像路径',
  `password` varchar(50) CHARACTER SET utf8 COLLATE utf8_general_ci NULL DEFAULT '' COMMENT '密码',
  `salt` varchar(20) CHARACTER SET utf8 COLLATE utf8_general_ci NULL DEFAULT '' COMMENT '盐加密',
  `status` char(1) CHARACTER SET utf8 COLLATE utf8_general_ci NULL DEFAULT '0' COMMENT '帐号状态（0正常 1停用）',
  `del_flag` char(1) CHARACTER SET utf8 COLLATE utf8_general_ci NULL DEFAULT '0' COMMENT '删除标志（0代表存在 2代表删除）',
  `login_ip` varchar(50) CHARACTER SET utf8 COLLATE utf8_general_ci NULL DEFAULT '' COMMENT '最后登录IP',
  `login_date` datetime(0) NULL DEFAULT NULL COMMENT '最后登录时间',
  `create_by` varchar(64) CHARACTER SET utf8 COLLATE utf8_general_ci NULL DEFAULT '' COMMENT '创建者',
  `create_time` datetime(0) NULL DEFAULT NULL COMMENT '创建时间',
  `update_by` varchar(64) CHARACTER SET utf8 COLLATE utf8_general_ci NULL DEFAULT '' COMMENT '更新者',
  `update_time` datetime(0) NULL DEFAULT NULL COMMENT '更新时间',
  `remark` varchar(500) CHARACTER SET utf8 COLLATE utf8_general_ci NULL DEFAULT NULL COMMENT '备注',
  `role_id` int(11) NULL DEFAULT NULL,
  PRIMARY KEY (`user_id`) USING BTREE
) ENGINE = InnoDB AUTO_INCREMENT = 11 CHARACTER SET = utf8 COLLATE = utf8_general_ci COMMENT = '用户信息表' ROW_FORMAT = Compact;

-- ----------------------------
-- Records of sys_user
-- ----------------------------
INSERT INTO `sys_user` VALUES (1, 'admin', 'admin', '00', 'ry@163.com', '15888888888', '1', '', '828712444e0696adf6ee5e0c7d1e41bf', '838708', '0', '0', '127.0.0.1', '2022-12-07 21:57:15', 'admin', '2018-03-16 11:33:00', 'ry', '2022-12-07 21:57:15', '管理员', 1);
INSERT INTO `sys_user` VALUES (2, 'ry', 'ry', '00', 'r11y@qq.com', '15666666666', '1', '', '204858f0a01b203b45a976a7057d02dc', 'b84415', '0', '2', '127.0.0.1', '2020-12-02 23:38:25', 'admin', '2018-03-16 11:33:00', 'ry', '2021-03-25 17:30:38', '测试员', 2);
INSERT INTO `sys_user` VALUES (7, '10004', '李明', '00', '111@qq.com', '18733830341', '0', '', '0e98e2cce808595f07a5781179d7158e', 'a18869', '0', '2', '', NULL, '', '2021-03-25 17:55:04', '', '2021-03-25 17:58:01', NULL, 3);
INSERT INTO `sys_user` VALUES (8, '10002', '张三', '00', '2223@qq.com', '18733830211', '0', '', '27a96a02344b8a7162a4c447168aab23', '7b0ec5', '0', '0', '', NULL, '', '2021-03-26 22:50:32', '', '2021-03-26 22:52:43', NULL, 2);
INSERT INTO `sys_user` VALUES (9, '1001', '张叔叔', '00', '1678735375@qq.com', '17756123216', '0', '', '288592dbdbc3684c8e7201197e096922', '7bc547', '0', '0', '', NULL, '', '2022-12-07 09:09:38', '', '2022-12-07 09:09:44', NULL, 2);
INSERT INTO `sys_user` VALUES (10, '1002', '里斯', '00', '', '16422224444', '0', '', '446d171189ab679ca4c33f63d8b65c0b', 'ec7841', '0', '0', '', NULL, '', '2022-12-07 21:57:05', '', NULL, NULL, 2);

-- ----------------------------
-- Table structure for sys_user_online
-- ----------------------------
DROP TABLE IF EXISTS `sys_user_online`;
CREATE TABLE `sys_user_online`  (
  `sessionId` varchar(50) CHARACTER SET utf8 COLLATE utf8_general_ci NOT NULL DEFAULT '' COMMENT '用户会话id',
  `login_name` varchar(50) CHARACTER SET utf8 COLLATE utf8_general_ci NULL DEFAULT '' COMMENT '登录账号',
  `dept_name` varchar(50) CHARACTER SET utf8 COLLATE utf8_general_ci NULL DEFAULT '' COMMENT '部门名称',
  `ipaddr` varchar(50) CHARACTER SET utf8 COLLATE utf8_general_ci NULL DEFAULT '' COMMENT '登录IP地址',
  `login_location` varchar(255) CHARACTER SET utf8 COLLATE utf8_general_ci NULL DEFAULT '' COMMENT '登录地点',
  `browser` varchar(50) CHARACTER SET utf8 COLLATE utf8_general_ci NULL DEFAULT '' COMMENT '浏览器类型',
  `os` varchar(50) CHARACTER SET utf8 COLLATE utf8_general_ci NULL DEFAULT '' COMMENT '操作系统',
  `status` varchar(10) CHARACTER SET utf8 COLLATE utf8_general_ci NULL DEFAULT '' COMMENT '在线状态on_line在线off_line离线',
  `start_timestamp` datetime(0) NULL DEFAULT NULL COMMENT 'session创建时间',
  `last_access_time` datetime(0) NULL DEFAULT NULL COMMENT 'session最后访问时间',
  `expire_time` int(5) NULL DEFAULT 0 COMMENT '超时时间，单位为分钟',
  PRIMARY KEY (`sessionId`) USING BTREE
) ENGINE = InnoDB CHARACTER SET = utf8 COLLATE = utf8_general_ci COMMENT = '在线用户记录' ROW_FORMAT = Compact;

-- ----------------------------
-- Records of sys_user_online
-- ----------------------------

-- ----------------------------
-- Table structure for t_fankui
-- ----------------------------
DROP TABLE IF EXISTS `t_fankui`;
CREATE TABLE `t_fankui`  (
  `id` int(11) NOT NULL AUTO_INCREMENT COMMENT 'ID',
  `zixishi` varchar(255) CHARACTER SET utf8 COLLATE utf8_general_ci NULL DEFAULT NULL COMMENT '自习室',
  `zuowei` varchar(255) CHARACTER SET utf8 COLLATE utf8_general_ci NULL DEFAULT NULL COMMENT '座位',
  `state` varchar(255) CHARACTER SET utf8 COLLATE utf8_general_ci NULL DEFAULT NULL COMMENT '状态',
  `daka_time` datetime(0) NULL DEFAULT NULL COMMENT '打卡时间',
  `to_user` varchar(255) CHARACTER SET utf8 COLLATE utf8_general_ci NULL DEFAULT NULL COMMENT '被反馈人',
  `create_name` varchar(255) CHARACTER SET utf8 COLLATE utf8_general_ci NULL DEFAULT NULL COMMENT '反馈人',
  `create_by` varchar(255) CHARACTER SET utf8 COLLATE utf8_general_ci NULL DEFAULT NULL COMMENT '反馈账号',
  `create_time` datetime(0) NULL DEFAULT NULL COMMENT '反馈时间',
  PRIMARY KEY (`id`) USING BTREE
) ENGINE = MyISAM AUTO_INCREMENT = 5 CHARACTER SET = utf8 COLLATE = utf8_general_ci COMMENT = '反馈' ROW_FORMAT = Dynamic;

-- ----------------------------
-- Records of t_fankui
-- ----------------------------
INSERT INTO `t_fankui` VALUES (3, '一自习室', '0', '已违约', NULL, '1001', '张叔叔', '1001', '2022-12-07 10:56:22');
INSERT INTO `t_fankui` VALUES (4, '一自习室', '4', '已打卡', '2022-12-07 22:08:44', '1001', '里斯', '1002', '2022-12-07 22:07:17');

-- ----------------------------
-- Table structure for t_pinglun
-- ----------------------------
DROP TABLE IF EXISTS `t_pinglun`;
CREATE TABLE `t_pinglun`  (
  `id` int(11) NOT NULL AUTO_INCREMENT COMMENT 'ID',
  `pid` varchar(255) CHARACTER SET utf8 COLLATE utf8_unicode_ci NULL DEFAULT NULL COMMENT 'Pid',
  `content` varchar(1024) CHARACTER SET utf8 COLLATE utf8_unicode_ci NULL DEFAULT NULL COMMENT '内容',
  `create_name` varchar(255) CHARACTER SET utf8 COLLATE utf8_unicode_ci NULL DEFAULT NULL COMMENT '姓名',
  `create_by` varchar(255) CHARACTER SET utf8 COLLATE utf8_general_ci NULL DEFAULT NULL COMMENT '创建人',
  `create_time` datetime(0) NULL DEFAULT NULL COMMENT '创建时间',
  PRIMARY KEY (`id`) USING BTREE
) ENGINE = InnoDB AUTO_INCREMENT = 44 CHARACTER SET = utf8 COLLATE = utf8_unicode_ci COMMENT = '讨论消息' ROW_FORMAT = Dynamic;

-- ----------------------------
-- Records of t_pinglun
-- ----------------------------
INSERT INTO `t_pinglun` VALUES (42, '12', '22222', '张叔叔', '1001', '2022-12-07 14:45:50');
INSERT INTO `t_pinglun` VALUES (43, '13', '222', '张叔叔', '1001', '2022-12-07 22:10:51');

-- ----------------------------
-- Table structure for t_post
-- ----------------------------
DROP TABLE IF EXISTS `t_post`;
CREATE TABLE `t_post`  (
  `id` int(11) NOT NULL AUTO_INCREMENT COMMENT 'ID',
  `title` varchar(255) CHARACTER SET utf8 COLLATE utf8_general_ci NULL DEFAULT NULL COMMENT '标题',
  `content` text CHARACTER SET utf8 COLLATE utf8_general_ci NULL COMMENT '内容',
  `create_time` datetime(0) NULL DEFAULT NULL COMMENT '创建时间',
  `type` varchar(255) CHARACTER SET utf8 COLLATE utf8_general_ci NULL DEFAULT NULL COMMENT '类型',
  `create_by` varchar(255) CHARACTER SET utf8 COLLATE utf8_general_ci NULL DEFAULT NULL COMMENT '创建人',
  PRIMARY KEY (`id`) USING BTREE
) ENGINE = InnoDB AUTO_INCREMENT = 15 CHARACTER SET = utf8 COLLATE = utf8_general_ci COMMENT = '通知管理' ROW_FORMAT = Dynamic;

-- ----------------------------
-- Records of t_post
-- ----------------------------
INSERT INTO `t_post` VALUES (6, '公告信息1', '<p><br></p><p><br></p><p>公告信息1&nbsp;</p><p>公告信息1</p><p>&nbsp;</p><p>公告信息1<img src=\"data:image/jpeg;base64,/9j/4QCkRXhpZgAATU0AKgAAAAgABQESAAMAAAABAAEAAAEaAAUAAAABAAAASgEbAAUAAAABAAAAUgEoAAMAAAABAAIAAIdpAAQAAAABAAAAWgAAAAAAAABIAAAAAQAAAEgAAAABAAWQAAAHAAAABDAyMTCgAAAHAAAABDAxMDCgAQADAAAAAQABAACgAgAEAAAAAQAAAMigAwAEAAAAAQAAAMgAAAAA/+0AOFBob3Rvc2hvcCAzLjAAOEJJTQQEAAAAAAAAOEJJTQQlAAAAAAAQ1B2M2Y8AsgTpgAmY7PhCfv/bAEMAAwICAwICAwMDAwQDAwQFCAUFBAQFCgcHBggMCgwMCwoLCw0OEhANDhEOCwsQFhARExQVFRUMDxcYFhQYEhQVFP/bAEMBAwQEBQQFCQUFCRQNCw0UFBQUFBQUFBQUFBQUFBQUFBQUFBQUFBQUFBQUFBQUFBQUFBQUFBQUFBQUFBQUFBQUFP/CABEIAMgAyAMBEQACEQEDEQH/xAAcAAADAAMBAQEAAAAAAAAAAAAEBQYCAwcBCAD/xAAaAQADAQEBAQAAAAAAAAAAAAACAwQFAQAG/9oADAMBAAIQAxAAAAGDi0/sJyGjEyTgTMBOJaveZr7p578PSVlkJauew9zDvhTEegDngyevFy8+i0HjtTNWPo/OmHqzGrN9R1xI6UrSANgsJmie6+mNgk9Yd9HuHu6+d994fo6y9qLm+gNV8/tk7/nkbVEe5RJYTn2RyWA2JxDuxRpe8oZzdTHqEsBIZZZKNIk3CzWStGvnwpWU5exonVKa1KGvmzYpnOUtYmnlZHSW7PeGUS8O2sLvVFiJAoYqQxDMy5Alolmk4njIupprkGuVXPkd2Jb6CG1SCnqU0zspiVMCPmtcTNRrK5zX6Q7rA08rf07UyDVAVmXDZ1SOcaGlnOtFtcb5t6mzEdE9O605aDUkc1IM6KGudnIUfPajErbJo1LMVLJ6RqSVlR3oQdUJ55FmCZ9oIzlN6nvoQ69nlpAL90VKnNEz/Rmp9eJxSncsEViIXP0LLLp9nMGdk3A5UhrIhcnyPiGVgztHYguNOOns+w5V6uW5RAvs0JRSLXa0IIsS80J7LahY8Xr6ERHa6z3rY2zOY/0O586T7vO4Vgpzdna8HVhJynjJ+j6Wqoxd8LsvLdo3p984m7CRvarbQLrVkrNKIxPJvPu0zNnsylNnMIIZlHVyFOTMOiyHvt2+PZlu1T/Gn2a/h0MMjN5V9RYVQfSo3NYMw8xaWtqNeN3oyUL50WbeqjcjzK1MfUKBmlLWaTeqT6PL62x1A2aKpPvCACe0IXUHnWZmcl+sZ7yvq2S27gl7f9FkSs1njetK57XTjnc+uRzaso3zEvpyaWcSkbWtopNNbQ3N7To7YN9Tp+exZAoyvLGYXPvotS9z29G5yrXmX7J4nO0KTQS9uR69PvC5/l1mznDZKEHoti2ED3Oi53TvK2UTgmD6yK1MFPZlOJm485N6B/Q+NV0NJMuRTU4tqPZlxKPjLZ7O6eAzaXiWSUi5NUbhTLpgT8Tttf0Uqd3H9rN28sfyOXU50dqZQjgKVR9jfN2BpMM0IyU+eAqWDB1nZNcasUTnvNUw8wRSdN8uhR6OzGbb65k93hv0OYh0cfrvzH0tdnWhWZ3Evo8D8jR+l8J+AeRtmLH1zSmOQ3ZI7N6ui/Q5EjDQQszR7KTMP4FTEPOVMnKl+r3UtGrJbOK6zNS1zwesnX1zcZ1YdbFPpycQm9A73wiJZMIdTUzdJ+hyI6GgFDPVOAWYxmjW+YTfXri0oejcestQduGaoSyv5F9L86sqQK1bWV3ScmlvM6okdpjYktXdVydB2s2VjemlaEpxIvM71JNpyPdRkAJavmxJ8n93VFZXqbayn0GKQmdKKE3PmW8lRBrtMxnQ89tG4OUrd1HZzLrQhk8+qdldqS7JbaITAg0oZmtq73hf2Xxt9g1VEu7G6CS0UaWKcJUqNSLQzHUFeBcdJVZy9AE5K5X0Tv4VMSpyClHHQiloVqbbKNkt3MlfQQOp2E3PmmU7b/J2WklWPOeVIcSRbjXG2JxUU7XPYzM2gya75hoZn1B9R8/lC0OdsfmVb56JOd74epSbKhqAhbDbWSltjtcL7Cvz17+SBmJPkVZzcw0Z2sT0tHdHPbUMeJRX/YfNdu182ajaymbP51MxnV6gYq82La0NN5E9grVrbp3eZvOFKcBm+C0fvs2dU7GLHT07lucxluX2s0MntH23zJVKueKO0zXiTsl86pZnuh59Bey/emoUWG+5udPTyvO9IiJxneAmE6ek6dkSi37EO2CL9kHZvtvlqTSjlrUa82hOo6uNq+VkjiUxkWmD7Y1TUayWDqSWXZK7NPnZVe8bQFOM306F+zyExdL9122PsH1HzFVr56elYzBnJWGTs1JKglaHOyMx9GQh3lclgVCMr83eSW03ZNjqmOg4g1eckGzwF4Gmsvm7B9R8u3ukV0LBcOBAhnZpSZ056gKkmaOo0MF8Tk6iIXsOqlq4tXR8FrCexpLeu97esj6F2+vj9D38E2uafqX4YorJ2c7f/8QAJhAAAgICAgICAgMBAQAAAAAAAwQBAgAFEhMRFAYhIjEVIyQQJf/aAAgBAQABBQKLTSUS9wLXikF3HuEcsDWE+QVrZpLSHAuF1elLtMEtCpCZVIkZ6OW1wPH8aHJ19ctryZ0NAwO0JS3+E5XtI02uhai+09gBnYdutbaa6mwB8j1jAWXade31fLU6Mvfv82L3DWL6RzoJvu7Aqy3b0ueViB1if+efOT4yY8RN4ybZ5nn9EiEa5WSpYHYDNV3QmAim2RdeKX12FAvsEv4vX/HHPtiJfNYh/X09yduxYDrKDvy85a/jJtl2K0zle1CvYr/WrG4FUrs2WZofOcZUmCL5wZPqUK2wDBFrdInL32H8ZK56HGP/AF3ck1n69OhoinduQiGsKZ/4U0RhWfox5vLrELntrxtsPM+a3jqqwz7ZEXzANG2JXYK3uaoScoHbB2y4KMUmhFDGAHdrpCYq3bb02GxMcusFrdbDdZ+stOXJFYYcyoIvVoPXgPzYmaOYaR4QZLVaFY8bJT1mAl9FR80szrNsZLPbmxQsYInnBW+ppBaFCRUt/wD0gWYvrxIpe4S0RxjDEgeGY8yQsRixrXq3ymIsHXwfcudF5KAE7WSVWARqNqmRmdto30AMaoQtWHybNUTsyl/ErlxcvLI/VqVKP+xQ97k2LQVxqA8xOGP11sSSyxyHmuR7BkvUcGd53dJ7UA2uMs8iKaqbyspTWpp7tJh/5CnAr1+STEBf72ETWGakiayvMFgHmMATnEYyDuHqAz1W+4LbqhgnZan9OdcEzZP9JH9hY8o/mZ2Tw0NHvpfXkm+rIJbZWcqetfqCszeP49VU1eoVvYGEqmm80iV7RUUYmSa5T8sjLV+pxm3mf1MU+tjsOcPGttTofGp7NprxqbRPcL1O2tTREptZLDTVb1B8huOE9+xsxW2FV6O74DNdduzXNOsKZYCTrQ/RNrRLMTfBcMQY7MjJxokUpEdlJ/ykaeI1LX9caQ7ZvlW02n8bVZtjdP7HXM1IJkjK7gyKRG1sWeoLQUBenjF+0Z1oGxNvM/GdzPFSwC7CkcaHUVUwob9WrFa1f1F/rNgX6Rv2039okrDs1Getq21dPU+SbatjtKD9YSZgtFvRWiiS3bfVnTXbmda2amq9am0PMLWmIzRWAVAHwG1Z1Gk1+vhxyQ0PFmM1oeAhhpQTTVV02J8DeJ5z4/WereeYZ1JDmIZS9yDRtzXQcYuTViEhdqFBlcI4aLp7FvYMTRi3jytt3Fa7B4TQSz4z4bqRKJq+DkZkYwe3YufjBDO9dZdY7RXscjtp4t/c663XrtsMjEg1VjkT73CwKnljzFkR2aW+RICHhzESuq4uyw7oCbMtvh15xxQuuaH+MqU7XEpGNUQvy3PWPXJa5skMVYAG5fwm/iqJ68nJ+mY+wTzoavWKOIdWlHsq2BUVGV+Wagge35cZfq2i9gNOq2rPwavsafZOdOtKAj+njVXOPXC84KZRAk/LLD78P7GGuwqd5oJkPFpq8DHr58Fbw/7Ttxlvxce/tyt8fLQNW3RAE5t6WxjmdV4HaIWpGwvsdEfXN61g6QUYnjJeWP1Q6i6/qu/tjHe0/wAkOq4ueYsvUk3WIUa5bwpWvNi+vr+bn6PlbzWxmfDWwYEQgPaq3sUWa1uyPzIpNUxPybNM4ZEtJuAftLtepgdzKwXHJdPUtora0xZA0UJMdtFHppUFTMVKD17neAufV05HNS/JiPu0+MtbzYdBWipeU/JYZKNcNgFoYlcKwatpLxMV4lpn8RDHLuEVXYKvotcsLcURLlB+xNEb2Ms6ZMkh7DaiIrVhYba/R1NfHxcmy/lVqMtHK1x1pifIhFwQGm4HMgv+Wbc1TBaITmlx2CvtKroivdoc7Vqgp2O0GvqL7dJe1CbR7ZjEi6EtqLdVWJDN/CB7BzZbqWJNtCVY+ND/AKZjGxYtWs3coTFDTUy4SZ0UijdJqXbF4X2NLDJoI/1PauWL2pQ+bQc0YRaq1NLUqEIJYAAtGX2V49QdprfXD5X2B7p50EmyFLM/IUweqvM4enKpaSIxCeazfpd9jhht1ebObEomAKVlL5EDqtrTQmwFs1ovaaza5XBqp1XM2KLg1x+NmojU7dYvfh4Ui9SW48JvKYOU/AlWGojNaz7ak42LzhbzTBrexO14BuxBKTFpLQALht6tWC01MqDWHWthCLhF/uReM5RSVjwK3ysAY2Pi9CK/3Z1+YoPzmuTloyi1FF7mgQ6FtrHOccjV5Y2DzkkkFXoszeB2rFLVpS83LlK1HcYYZOHQBiWJEiP8zzYPEztI4xae/YmqwK4YGSKcJrNcVFyzT6uEARGbJmTkbWJsFdS5Aaz9YwGCw2CaYWPF7Rl/3zmuNu3g3xe3mx2bXoZqbEFNrVWLjEX7JFJpOS0VJ5HZfxXE0ZPbUaeqdYj72L1Q0DSdavUhlHX1KMi1+yi2TExhBxeHdbhRSOZtyuebDyWPw90nROziAV2E3PTx4rPGPP2e0ReKcIVbE9Gr05GrI68aNIx16AVVXgWXpO0Y4U3IU3LJ3e1cGqnseof7y4+Uta2C4zqrVuRMzN4RmRXBYU2Ba2etxxe1qX7JmSHsWevxg9ddrNb8bqCqwahp+ob2fCtBD1wk3i/IfkDRrMuf/8QALBEAAgEEAgEDAwQCAwAAAAAAAAECAxESIRAxBBMiQQUyURQjQmEggTNSof/aAAgBAwEBPwGPZLi/4OvuGJWL/g2WMTExRijEwHFlx4scWxaZdX/Ap4/cUq7pvKI5ryI2idPZOd2dknrRGEvlmX4OzH/Gxb/BolAd4mSfZKDt7SLaX5Qrw2inU/lFkpn9yL32dHYo82LCiKAo7HDRhccS3DGiUPwJtGn7kOWO/kT/AJRP7fC9olcsWLCiKIokVxFWEsmemTpolSSiNDiNDQ1cacWO00RTvdl7s6Iq/KQolixY+3ZmKsvkjWSFUuLZUa6HDIcSUCS4expxZ9y0dbIq4uEhIS4TJS0OveWuh9aMi4nZmTsRjdCKkdjRKJONuGrn2nYlbhIS4fDko9las5aRCf5FWlB2fQpX6Inpu1yn+GRxJTSY3kSi0PZKI1biSuQ/PEVcS5RKVjdSVj9HVfwQ+m/92eR4sqTsyi2pYsgtnkeRFRUYFGdJ/cSUU9GMWOnbolVto2xomh64QiK5SMt4oVCTfuIeNDJSsN7H7dsqUoVKDTQ6TpyvYn+68oqxGiqkLI3B2PUT0KbSMip9zZGal0NEkVI8xRHQy1uyc7FBL7mQWQnslFnaJZxjjDolK/SGsiT9Om7Dm3opxy2x7F7kV4Ps+SDlLiaHERFHxw5nbINRIPQtiUnpHoOFsilTWzyaNl7SjTzl2fUKGEE4kVlJIeP8eiHQ2VnNS0QhkyKsTHcxu7kexcVeucmUJTqPFEI46IajszPH9OrJx+UebWnm6fwXa6PWnbFu6I047kiWtIjDDRJW0VIXIwS4Ub9jiiREXE1dCp3Zi0tliF4yvEhUyjk0RhnG5Un6csSh5dNWzdmeR4Dqyzy7J/TZLcHcq0nTdinJLsj72h9jfyTdxtEbcYXKlOxEXKiS7FEtjtFGq8cGUJPHZ5VN06rlP5JtzdkfTpydJZFeU6cbrZupG0kVKX5PHSxOx2sMt8khdESr0RFwkRRKHyJGLMSjNRhY8ePqUffsrfTpOf7S0ULePRUZ6ZUmn8lypbtmOG0SrNshWu7PhMaTdxK5YqdERCEtEUYlOCckVIRUbpDo3WEV/sqzjQWKI/UYwSjBCquaPIcZSa+ShF/6JVYqFrdFSbk7sy+C+yHdxMRpCZKSWmVnaImraFwhFjxoRIwTjcaPL90lJfIpYu5Dya8+uiFHBZ1ClRlW/pD8GD7I+JSi/tPKo0pftpJHp++wqLvpFn0RGXHtHky9pHsXCXPj67I6GrI8mMo1HFspeDGtTVRSFahTLqXvtk//AA9as9KJU8muo2lEVeaW0VG6juTWMtEGSSkJbJIjCxVljpHkzu7cRfCYi4qjuUrOJV1E82DTUz6f90os/SvyHH8HpqmyD92ytHFFr9E38Gk7jWtcRErjRXqe6xN5O/EWR2JC4j/ZQrKmOefuPO/40eJP0pepPohKSgWcoZFvlFRuSsQRURfRT3pjhG+hRRYm7HkVH0+Iu4iDEzIjdi7KcMxU7KxNXVjxKapzSHcnVj6TRGo1oVQkt3RUpNxuZK+EuxJoh7tjGeTPBE5ZO/C0+IuwpCZRVxU0R0NjSsRSjLZPyX0mZOZTiTlYp1LuwpXgxQfqOYuGV6ljyK3qS4ls7IviLsJlCWxCWiROs4kpyZGSTE7mdiacmQg6ctkZY8fKJa2irXxR5HkOo7cSZ0I/sT4TsUZpMhNNClonMnLZcuRrHY7op5S7LDI1FU3E8muqaKtaVR8NnQ/d0d6E7FhS4Umin5FiPkpojNSJtdDdi5EgRSL/AI4nKKWyr5kaatTKtV1Hd8Nmo7ZGXqT0Pekf/8QALxEAAgIBAwMEAAQHAQEAAAAAAQIAAxESITEEECITMkFRI2FxoQVCUpGxwfAzgf/aAAgBAgEBPwE8RZiBf6oPLZIhjWZ4mgndjMKIXAnqT1J6pnqmeqYLoroZpB4gLrK7lU8SzLJq93+Z5qufcv8AiGkWDVT/AGnVdMnUrhuZXU3RHLweQ2lanibJ+srXU3nHur4RYK/lozhIbPqE55mZmZmqapnsDFYiJd9waXhrI3EruXWDZ/cf7joGb+lv2Myt+z7NLaR7LBK695x4pzCgG0yXmyCPbnjsTMwsBDbDdGswIvUHVPUwYr5gMBimKYlv9UZQ+8JNf4b8f9xBT62E5X4P1+sYb+jfz8Ge3wWAgDaMTacniO4SMxbmEzMZ4XjWS19JnO8sfMQTIima8GK5iPEMBisV4g02LAW6ZsjcH95YUKBBuDx+X5TRoX/M2c5+JbZp/WEzMLYj2QtGacw4bxMuuQbZ3ld2RkwXrwJWwbeavqVj5M4iuQZXdiI2qCZKnIgZbFP7j/Yn/i2lt1MPl4jiWPoEY57M2IzxmgjAxnWrcxupZtp6X5zDCV1O/tlWpXlYXVgx23zDAYpldmJW+rtkqcieNq4/4GbIssbUcns74hszxCTFX5MJEe4CNbqaFSNwIg+RNn2xAnpJpigqus8GL4vqEJYxnCCavmLYrRTiVWYitqEMrfQd+Je38ohlr6BGfVOJ8y18HEstgUucCHprM7wUuo2gGNiJUUWyO2oRsoCzRLWf2ytiw8poXO4llYK+Mr6Y8k4gdBsDmI0pfu0MuaZ7M2Yzm1sCJSPc8qCq5xFQ4zB5+MuB1QLqMprsLAZ2nV9KDsTKq2L+mkTo3X5npY5MzLNdjYBi0vWMtEMrYYlNmrbsZYcR94Rp5hJbiNttFqUdNqx5GWZrwItSCsH5lbY2h8YPTsJNp3i0BdzMmv2zqTrXLRNmyIlhZAYPsy+v0m24mny5inCAGN6awcZlJPMDZjGWGZ3lrDiGz6mMmVXfh+mZYctKTtNhuZ6/ltL7MBSg2lbffzLWKrnEe42DDTpVy+ZzsZbq9X8owzzFNZytm8us0jaZLSnjETTjGZ6gVcCOdpYYv3LB57x0wARMwWssrcvNQ+Ixy2RMY5h9auvWp8TOnrzWLPmY2j9PW/xKOnapt4o/mMtvL5MR9XlMjmEljMYhfA2gZpXuZZHh4joWihsHMavPEKCF98LEGoT1CraZXULlyZbRYqEVjMo6v0RocQfxROHXErsW5dQjDOwlp0VtNWRtMfEAAEVS3EcNjy7GzTKLQTLI8xkw7CNsBPcJaQNhAmZQAJhWtwJ0ziysaIuwn8UAFoKyiuuyzS5g01OTWdot2J1L42h3m+ZiN9SvKiNztH5lBw4lkaA4jnIlvuAgbAjwStAWGYDh8iHqDU4xKOtR0JfmdTptcnmYOe1TMCAsFxPiwidOukZGZZ0+2pdp8wrAWUYhOkbzmU+8SyN2bnMO5z20KoORBWTGzMxBndprC8TU2gTeJUS2fuVV+mNIhUHcjeAbS5cjAjp89nz9wqwMqpdwWHxOlXVYI4PzGEPfMa06/KEjG0xPQBVvtfiBNsmemp4EVSzaVG8dlo29x/aDqLVHioj9d1DnTnE6R7x52GM+gZhuGnczAPzLNjD7oB9zOJ/D0y+Y4yIwhhPbOJcd4p2lXu3lQXGcS4ejYVxtNDX24+4U0fh6tI/eDpqcnU+RB03TatWqX1dPa2xx/wDIjrQmkbyom1ct8xx5YiuU4lhPY5YyigMNbnadBXpXV2sHYiGYMNYxK9hvOnUH3zp2DCdf7AZX1Hog45lln95WwKn7j+3su8OvTueIjEtv2s3IgG2ZqUD85RX+CM8kypdCgdrFzHGITOZiCsmGnP6xrCraV+J0D5yDOoT1U9NZYi76YccGatPE9UnaZnyI66sRgV3EBYLkmFsc7wtM6jOmoUHI7WppMIlojCBczAB7MwWGzMWw18cyzqNe/wBxm2xNoVzNMBg25gDadacCeJG8t/D8YTiZnSUmxpWmhcRRk4EYa17WLqjpHbHEDfc1mMYCJvmOxCws55nEYxd4VxvMZENn4egTciNn5mDK6y7YE6TphSv59ql0jUYDoOPiWpncTEtr1CWVFe5OTFG8WtSJYq4hUkERUwIRFOBC62DaCE45i4ZWbMzq5iU5nSdIKhqPatPkwnWdI4hUMNoMr4tHr+RMSyvUI/T6YykQiVrq3ixhmaIahiHbmKAeYQq+3t7to/T2VNpadN05cynp1rHZEzzCc+KwHQBq3EI0eS8Rhq5gbGxjpncTEK5lnT5j9OQYBoGwiZzvBMdnUGYgGJuYiHO0r6V7DmyU0isbTESv5M3sOlI9Y6erB3JijSNdk//EAEUQAAIBAgMGAgYHBwEGBwAAAAECAwARBBIhEyIxQVFhMnEQFCNCUoEFM2KRscHRICRDU3Kh8HM0RIKDsuEVY5PC0uLx/9oACAEBAAY/ApbcVs33Go3+JQaua2WCtJ1m4ov60s+KhxOIHPEFc4TzqIYjETy4eXSHAYXQynnc03rmL9SwZcv6rA1rdmk4mtl9HYRplXmgsg+ZqxxCxn+XhUzt99XMUjd8VN+Qr6yOP/SiH51vTzt/x2rXan/mmtDL/wCqa3Z8Qv8AzK+vV/8AViBrdVvPDy/+1qyuyt9mZdm36UWlg9Wnf+K2hv1DcL0sQxoxMQYPs8WgOa3LOKjhy4n6NZrk4dvaQOPsnlWxcP8AR2Lv7J77sw7HgfKgmMGXpMvA1keym3sp7XyHv2psHPDs2Ch1mNxHJ1saxUABJMskaqvEnNoBWHOOtFIkYDC97du5omQthvo4a5Pek86wcWDhaFsXpCOnSpJMR9ItFHLcTLNqcv4Cj6gi7Fd31yfSMf09aEhDYxv52K0jHkle3kM32fCg+VZVAUdB+zr6eOlWYBh0Nexcw/Z4oflX8kdRvR/dyrZTrkD6a6o/zqaH6PdXgZT+6YnUL/pt7taNJ9J4JAEkjkH7xCe/Wi0Ht8Lzi5r5UQyDE4Vv4Z5eXSsb9M4j2uJmcmMW8F+S9+po/Sn0swhw6axwHgBUeIcFjIP3b6PiOrD4n7VDmM2Jm/3bBg3yeXbuatNlxMq/7uh9jF/V8RoTYlvWph4dN1PIfsams2TQ8NaPKhK/ifX5Vlfw8708euXka1/ZZ4fZk+KM+BvlWTKTb+CTr/wnnQxuGyjFhCiyG9vJxUuJyerY1T+8YK+7iPtJ3/w169gDmQ/WwnQ99ORpvpj6TYR4ZPqojwA5Uu2RZ8XLf1XDcY4k/mPXqWCAmx5XNLNJ7n2mP5U7JK2zf63Ft45uy9BQjiQIg5D9kDqbUvwHw0k9/Z81+KrXrOAub7VbSXGbRr8STUaBvWY2GgvekiO5Eymynrypiqk5Ta37GVx5HmKvcCQ8JPdk7N371kcbOeI5lb3on5GpcVIpgxMO7iVjW6YlbaMverCCR9n/ALBhmWyzf+aewoYKOb1n6Slu8k78I+p7DoK4sMCGuS/jxLfEe3arDQdvRr6LsSa0pL9aWBgJNc1ulFM1mtwFZrjLwvRXgB31rZh9mX1DcBag8WHyyv4ZNL271ErSq07SXbTXLa9XU54fhf8AKtPCdQa19JVhcGks1m/hSn/oalkiJhxMLXAPJuh7UcbLHm+kcX7LD4cfw15L+ZqSMybWMNfEz/zn+EdhVrWA5D0d/RvHSrmPIOV60se1Z5fbzclHhH60zRbFT8GTUCjKsqEgX0o+7m6VaLf6npQg2TGcNZfP9KXa4iNs5CDI3h71BhwN0uSzHxM3WmRwQyHK/n2oRvvi2h6dv2SjC4NZvE6jUfzE/UVtluJsRuQA/wAKLm3maSGIWRB6O9acaN6GImG6fAp/H0Z2a0fBF696bUp0oZ8u06jSmDkrG3JaUic5DwFt6lgXgOJ51iMCkhOKj1dGS33GhjPHBHq6cbfKgVIQC5udePSpJNkzOTfM3h4UDe9qur5G/tWVq04+nTR11U0cXILPP4R8Kch6bDnWXLxre8HMmmXhasvu86zlsrOQiXP3UYJEu97eIVf93kIGX2ZuRWUMAw5MKjMkbAEWs3JuvlTHgBprzqRm405QZr6EHnSvJAzrId0Zsqr5mhsooxDxDkXzCorZV+Jrc+/ytSzbQR33r33bVkE22HW1q3W+/wBAPoXoNPTpV2PzrIuicL1ho41O1bdHes2NYCEe5G9y/wA+VYPEQqohBZjGeAIU2NSJjGJLhRYeG5PM9KmxESE4e3tImN7HqKLe4RdNeHnWcbr1mCiVkU5Y3a2Y9BSyOYgAxzwX3h51NIxKxqC5tRGWXRrqTbX5VBDDGmR3F9oLfdSMr5gW3lK6r2vSYZJAsUC5SSSv9qzyplj4BwbihVzVvSfQdqQUtVo1OWt8/IUz4cGTD4eL2i34bvLveoMy5jKvDpWPd3K4dQEiRzwuf/rW9CxZyMot3rZPhZAESzF1uGFJ6pHHsc2YxnrWzijCytugsflp01r2ufaJJl0WxP8AxVKiO39BHGrSXRDbhTp4kvZTQCtZgdPOiZruPC3/AO1G6YvJGdxbmspAN9CDzpgu4c2mvCs6MHTtQbNlrWr0aQClivw1Y0FijYg6AqNKVX1ZuJqCZQQJLwuV964402Y7qaKKklAyjNbTn/n50Q8TzQwm5CHj2rExCFoWnTKC73PlesSmMkePFtZv6hXhWXcKyHFnTMajWKPDbR77uFvp342pJYt6/juLVlvbNRKiy8qkwrIpln8JyXObkflWb15AHFyBDYfjTJPhI2nA4jUG/SrL9Zbh0oDNasuY2oJtpNOh0rJnzMzAa0aNTynhfKv51JryuKmiXeyjN5VzvfSlfKS6m4151IsbDM3vzfhUcWYSBPF9puZpCFCR575SONfwhG2uq8KEMkATFRrcHMQCKlwwyiPsPF50rWtfRcv51k25dOBjfUV7NiWYWytxSsi00qJ+8sts7ca9aCMFbmDp91NObBot4XrNfjx9AWP76+sOWhmPCtKNRA9L0MkJbvUkoJiEPvjjm6UIJkGYLmMi6C3egd1mtxtXsfGKW9ldiRlHTrV2eTa9m4Vpmcc70hxEy4c9SvP5UJ8PJnD+JyRV4cUrqTlzEaDrTwybrg+KmLWsunHjWG9/M4JUedIIlEfTPxqSIkrdr5hpRjzvt5GBjuONjrXs2j675tS+sxZdfGhuvoJpevpROgok1hi2me8zfM0Mv8ZuParLr0ok/fUkecLKN9ST7tMUJeQXO7+ZopNINmz5klA3NRTyRna4YNkEtrAm1YxJTmXMLBqYYSAyTX1iVe9tAKticIi4q2zbUEq/bt1p3IyiFSTGTr/n6UWvqCMttDWFSWeWUKnEkanjf8qb94VjfwpW7fZwDZDXQm+prZZiqAa251x3Ty5UyR/Vk3XtWXnS+fpPegh97lUUI4Iigitgx3rll79afO4VraXogfIViMVs8+zS6p3pYgpGWNd1Otr06yyyRsT4TqLeVRpGUmg1ttDdb+VAKVhu2coh3QaVk8d+IbWgES0S/wBv+9XxajJKq7RytmsKMkLM0b6xtl0OulTSbUwNcA27aVAjPtkva+TWiToxN7AWrws1MmRr8rii8h3+Q50zG5PGou5H7Ga+lbQ5s59wa0rJs1WxHiu33UJJcU6xhswXJ4vn0oE+zzdKaKwWGN96S/TlW5pb8KCoGUqLErQWRs3YcjTxG2YN4jwtbhTbPeuLf09CKkDRbQqrHN1ppZHDO3emRJPZ3vlvXZtaV7aI1/M8qE8RzpztrahlNX2hXyNe0uGPM1ErSZDISq6VELc+FSFnDRm2RbcOv7Aa5l+JV0+VW2OreGKMcf6jUasVWwGaNfwvSzOAxD2C5b8uNESWXTgTasFNkWOLGG8eKznjyBHKsq+McS/AGlLSIOQyrpTSO6JGtFlLYWAW1Y77fpR2uKnZOHi/TlRmyrMDHddoul+lDD4eFFe19oFyG/L5UqkX3tWXpT5It0DTJ3rapHlykB1PPtSPEPZzDOo/Klvx506TDcYW70Y2CSGNtGYf5rSn4Vo+iwrWnjj0Q6k1a21vxoBAEW1zl51YnKb3zc6E1hnuN3nSLnksjMUudF15Uszy5XPit/etpFFHE8Te8eF+dS4toPWWTW7bsa/rSbPApHMdc7ai3YVNH6sGBWzPH7v3UzqiMGvuSSDT5UzOy4faDK2y6U6Qbqx2y3OtBrBFOn61GH114GtjHdxGbD7Nb+lvirKpKoKyYeEyYhrNqN23OnlPPT0uPetpRujD5Uq5CS3Khm+69MMi35U2Zba1fC7RQdGNDiVDVIl8otf+9R3PsIrs6N7xrDKqn1dQUysLVGVF4hmU5z5WqdbKllCZb8aa7WB1vfw08kahrKX4ce1S5I4X2yXZrcRyU05RdmB7tIeNuVSg7wz57joaRMq5pFvxvakvYKevGhEmqQx2Ycsx/wA/tUcY5D039CyXI5ad610rLCEsOLk1Jmb2MlixA6c620t5Ns18vLtS5fCN0+dLPKNzKQOp8qhWVmsOVzw6GkmEeWInwjTL3qSOd9rfL4hY6UsniPO9WjI86QgX51i4gvshNbTodR+NTQFbkcPKjGEeWQe8hsqml2QaBgb5rm9MxuWPEsaHHyNT4zE7EptDs2iGh6+hS+k0fs5B3HptRvwoRknhfMeB7VlN9PFpRVQWB041mvbtem2lni4N3pL6qkjMrfhWdvrO9RRsha5HCiXFmGhv6Le6dKt7vPtUDEFRi4QFbkWXSx/tW4+luHShJvDtbjVidRxtr6BGvzNRwxgBEFgBTu2ioLk0zScY7Rz/AGk92SgL8RcW5+nSrsxNWLkr0NcLDp1r4F4VlYWTtQj1y8dKVkGUA6h9bVqc7crUvO7a24ffRAN/KpF5roaYWLhrMDWCjSzGEMSx43NuFMM0YueGarcKI6ULLmZuFa6ytxPoSGLf3sqL8b9fIUkyoqY6EWkhzX84zSYck7B/qWb3T/Lb08KPoNaUfZgA8DesVLMdAFVFtp1pl45uFWZba1ZmYJqMoPKlVEAHwj3jU6n3lvb51ZeKi1hWzB3v+mokygqxNz00pkbVLXFuRriOw+KhI4G1/D0OgbLb6xx7vYfaNHFTR3xUvs4cOvu9EH5mpZzlGNgT98iGgxMXKVe4r17C2xEEy3dE98fEPtVHBLJmz/U4jlJ2P2q19GlC/M1bn2qwGhF7nSo0KxvdAO9ZAiwjtWZmtRJTdtpWhoa0TqRX2udqBuAo1N6vB7Tlw4Vb72oAAFuvocBguXxSck/71HisSrD+Rh/E1/iPVvwrEnDvJhccgWI+sD6lDxKDqa/8Nx/scfD9TMf8/tU2ww2zlh/2v6MTj/qxU0+GTPHLvSYY7ubuPhagJ3MkI3RMRvJ2cfnXWteFXA1rMBapNo5VEW+zHOpDDGga2lxz700dwSptu8KHoFam/O1ZU0FZUX7qym7X91aAKrFH8CirKuUV0oLEWsxsGUXeQ9EH51659IvHFsxdIc2if/JqgmiU4fDYRCDdtXJqfBfRtzPOb4nE30QcLV//xAAmEAEAAgICAgICAwEBAQAAAAABABEhMUFRYXGBkaHBsdHw4RDx/9oACAEBAAE/IWdV8GoStf7k/wDBjIydHwO/4jXR2za5Y+CiCpAJRcouNZXUVaEMWf8AmCGLx1dnLzRgef8Ad8Qi29hmY4fRn7tEJ/tPBEZfZ/bMOB6/tgso+G/zHGPdj7KY5FXsn8hL8X/7PaeJiDQql9m4xoMwuvkA9ypbMIYV4XzxM667x0Ev2JkOcY/u6loQJHJdLy+r+sM0QCV2pXeKa2fmKNs1elBt8S66/wAW10/BEuVQOHNrqWMkUaeaQ3da+5Wg1gyst3e+CVAbK8drk5u68+iUMWO0foH9w4N8NETNxZQRWpS3iBuHsgWr/wDLEfgj6vbcEOQ2/uOO8+Vf3tNJIajruw/Rld4BlvexdGpUrws+L4/nq5dZvS6+3/iHtW3a/wAkfjiNSx+F1Un2+lru2vZKn/cv5jCooV82cU+ogROhaSnXGVdEGZtZmXlwdQhGFani1kdkAXvxAmjL6lWaFdsk7lG2O74jBzRuZOH9xg42oLiHywdWyKtLPuXZuHGtZUC166idHRN+3h7I4HLXid8DxBd0qiyaG6eHU1nhyuDyrePXaWDYYsxo8HqVdSrNtVhz+2CY8aP8F+oFX7FYNqtHUDi6VUj15E/ZLItTQsNRdy9ur7MIGgfoYr4hJwF8T4+JfKMwgbOK7zLBGR/iJlYltQ3W/qAjZAZ5ftKpiLkviVz+JZ/5ZmOQwnYwrrTSHRxC+glAVsh8/cAn1ptj/tTIw0vBaq1/BXxmPxHp+58LBAv+Apt1CAAAUGAEbFNSxYSko11LVF4vEC+UrwhaHVwe2n+qIoAYNQVM51/khFrnGaURD4fkfPiDsf3A9Vu5wBzEjBd4hxT+bZyrfzLkAVc5GPZwlSyM5QImMjMAc9B/S8MtbOi4snyj+4dWl/gM294jLUPhVhGEaCBNz9YjNlWNXRFzCmDywtArqN37Ry/tKMLM4feNy3mJbDi6Pctw0ekxVyyOPZlXLhTVt3qxDKiAyW5NZiITJDRM/Mzy9YVjwJhauzlPF/aYW+ZXTc+bHpKWWpI4S8XSLoCP/MnJMTDDz5iTDcJk9PEpmXlLdMcA41s7/qX5aJaXXAM03F5wygmX+phF4aDtX9xvWUifqBsOUFV6hDVb2nasGqK8FCHQ7PvEuy2S7eGGi9hk/wDCpgRC9/rqtTPH8IlSX5UwJT/MYuvtAGv/ADTXv+OwZr4yYCZBDWi4l1TynAy2XbCwsL4mHxBUTQHH+qUItthiqACqKVrLguEmHIID7/cBEqFS/wA1z1FPMMDKySTYrx5QYBwLCiKilVhZTqXyduou+Tge2gyyyPHaSYS/DcoB2Udi14CEDHGbYRhhlJ6q+kE5vUqHjcVCmUMIKGgcE0iuHEbt27lCqG1cy1dHIc+o5IeJqpm3qgYTEfVwdPB+XxL0T3KsGdXUBHIuAwsMixjqVv8AxrLAXdF3a4x3CEPaXkLnn7hNVy8W/BMemyYmzt9XE4bFtat4rrmb9ElaOofN4KPJti4WSkT9rdtV9QdzmVZcUbP3LDbAlK9LiaC2pW9ePmeocyirh5pmfGk0gjdYmdrcYrIAXzGgAfhnAb3sjCQOpan+Hc5MJldsWP3Np0OjQUcifmE6xc6wwz5ihasuCs97+YaI53q3Dd14lhSaVTh7MID5KL2XZMc0cEsWZcHVXbbeDqbKCw6qu4H8Fgurt/3mYnKSPwhsSc95O4S4BXTnFv7jCVDnA+TmUds5CeIdQOGV8Gpi2QS5Ad8QKbY6l3plaMpKZi0DlC3A9XF0tLdgh2UhK0sPDT8R9alJwcsBIwtq1Fvuv2iHY1zM1+73io8wKIq1kx0+4KT5FAcEyW/WneKdbOe9xCLWVjzwJdZlga02Rhr3m5ZLWGGsTomD0X/mO2DB22LL+lyjbRfm3g/7m8s2bKv8ZQYKgH5z75HMt+c3DQAKKPwqZDHCPN/qe2YliEp8G89v4IbIi5Rh/wCy0Q5JgszLheBCuem4diplAznK6V9zGUxX/wCVf4CPGSqWpin+ZeC6xxcAKctZmR5AgNlf09waTNJQ5cuuYMY1Gp7RiUslh67PfqHUCu4a8jw/Ef1A8zQg618joMaI6BHymNwAR3Bb6+Y5gK7fb5mReBpJhhnfSIVeEuIk28CGIo4LMVkvlZuo8CqmHyFtDj+0V34UaHPt4lRgKmImOeZTvHMbMyh6RW7bRgPruCMBtqu691T8wxlVFbdv7SpprtDXi9+N1ADQAzHJL/Efs89sdJ7mU7Nnk/c16+0Ph9Q1OCLAX47lIDyHl3XcxaFj6WT4H+JlU8n9IkFXC9/JARLIx7jAR4YyS5TJiD6zQqUUTcwXPx/gJba1g8TFFSClVEE4BlyhcCNSMKa+YxqrY1X5NcSnIDJVA27KoxGDUv3JUQdGt3g/ktIQGKaRewJtrnEQXlMpTBi6JtYtToIp5aQO9wZuKl1lONais2DSM7HNBh6gYrUoM9X5muqLLiVIYL15AlMC4Cw/MLVYMvKOkj8IR0eJju1irmVcDMO4c55DDUs4+kC7gQ0VdH1Us0H0PR75itQAFnMKAoFBy9M+Ebljj42x1IteJV/xD3PwUAN+0ygGNTvVHnFe4myfyyBn9w5t+YM7zK4l3nGWffZhnT5RDWXzhrXiGvrTz8tHfiNlqgroU8ahIELo3e6zCtGUADfUIVYdhcajL1Jl5TyPREE8abJgCilXzBvDlmIRCSUAVxBY1NeT4qEX2BgJ0IsJGTedKb5QBeoq2L6HxAlUiVpzqfzLqVoybqmL/EriyrRa7V9wUK2/mO2UcrgShynim8G2Kw8sUZdZXCPUb/QspvlXzvPmZr5q4Buoq6+Z+Vaj660G7xf/ANiOSbJfExnuZ4Dlt4PmAH5IHoUvkZgzoHu5ZLMWpcYU9zokWNUQCjjs83MiWJTy3+HrHt+J+fG/L+2EgUC0duUatVdH9pcwbHO6UXPiM/LAqBQuF4zHonGm8gYNLWin7OZXa7o/7P5mZNGPyWHDw3K7HvwvsAfCc0xLyfBYQDMXF5oBnhmEIE4q+h8v8Q0RPmx5X8VFlXYiqm5MTQele/hMlQFh76gC2oeD2TUTwLjs6pOXCx9sqI2SlY9FM44qMq8g4zE5qWStr/uIinfoDOoAr25m3F75py4hwVArbljxxLbLTeZb4dvcxvZsBLHls0d0SpKaVq8Wlvt9SgQXA0zJq3ucjN6o6cqIAEmFdnO9VcwgG3d9aWOE0NCt545uDslUDTeX2/zEZ00Z3DUXghmD2weW9y/c93SxlScLMj2GLUVeh6gPuVDEGXmPcfo5th44AUb14hBVXVrVDsA+06t7Gh6/mAh0vt8eZsEVLzqWsugm3h95guii7IAF0cZx58wGvNN53jzeOqlZSozGwPNP4JZGAZDLjlQq4lX5C37H/krFTjXHh5eJlT9yWjIdYq6i7g3w4mhJjZlkLW9qBV/SQanR0Gtd9TBgF0Efp1Mdf8B0+ar7Sk9UDKoV9ZgmqZllG0cfxIm9Cu1dS4Zn2HruN2jnXoOun1HDHtardIDTL2KbtocvuKloLV2lfR7moML3ZX5WCIxC34UNPzuZilZ5FX8/xF004opOLPMPsB7HzKMqUJXwUEZOY8FPiXLbtHnj+oiss/dDfxDZHgXfHqGJfNi/mZGoWhMS79ESU4Vmyyhc7/8ANEP7avncyK7gXOSIq1LpAC9Y00/z+IxqLw0OaWZSqHT371qDwHvUXVXUFNUIGn/uY6q+FtTGvHmCUpB/hF5+HiF3njiW+YefmVeyASweJoeIXvaso8oUIFcEqsnR8xSLNH5LicwT4X9epTaahg9nhjYBqY7TogJUEUB6mbdYMslBOTR65nKWQ0Hd/MzzSaZeWteIxHxdkQe0wgBXTYj5vdgGV3LmsiYbz5hZJYraoKCi2LfHMRqTQw6rMvYsVwRRQtQ1h48iH0QFKR/orsWVmADa3uDcOfpin4rMthLOY8Mbce45YSuWsfc4yRUziAkmR1TP5gIW8ZyL72YHk5LZmnZk+IsIybxb8hxPBOgviBNr2SkOF1A1+ZvcazLuQUjDS8WuKcOo53QTBapX6JYa6NsXHzVa+S4CzQUBX/cy2jxTs4D3AYH5hpKRLc7kdMBYUpeR17lCeossfcFGcJ2u48ROAFXlXw8RkJGLIrtdsVDSbKHXdoCUBUIWh+xzKgnui/0L+upV0B8d9IiWE82j8Q6loYJM6Im9zNy0+aKjNS8sZLFDxX1Qgfpdjgha2pVy391OEKNDzM1SqLlfca+g9kE77e4bcXbuVk4rZk6iIWBekArt0fKKwlLqx6INIdZlGpozZ8Hl8EVolceVseX8IkzT7kJZRzcUsz76nD2NZ5E013jOu0eufe6I4Acv42KiZgyfWfozAEQOROZbAuMYEaeSL1K+Nj4g581cqEDeUk6Wm43S30uU1PziDF8zwpqpoAaUqmZaK7Mf/ICt+va2XQBina+GA/nWv2w6LoCNIqA5eIQh/lcDfgSu/Zx/Pt7+oTScLkardUDKEkpsAwPgn//aAAwDAQACAAMAAAAQI4ZVciz2GOHuU8S8wnBDC7/QAJ0yOlJ8VJPn98XI5w3Y2ZRRFPG0ZyNgCWLQ5A6HKXXGlKmukA/0ZIPQsc2PnulLbBpVgphO+1SCaDh56S6OSzNngMkF1SiDKpGoevyaS2OaZKPTev2JiaEflDSA3u/VDuycwwAZRXYabTzLRbgJ2GJoOiMr/ZS/9Z57pBDXJPu2zX3NNzGBNNtY/wAnx0Xf6H47CjZSWQ2cWwKqeiKOx9qU7iigc4P5AGBzPh0vC7h7c196CzHTWLCEt1ow1rQezMYrkrMylpxV8UYmWIKrQHP60UQcgUnKBX//xAAnEQEBAQEAAgEDBAMBAQEAAAABABEhMUFREGFxgZHR8KGxweEg8f/aAAgBAwEBPxAQY5LL+5vLerz+1i74s5xarbC+bH1rMr0wfEoewTU7GZu/mzj0/wBSmPL195Vn7r96J6b9XHf9QlCRPFr36nAHrYtp9IDDHmDPFlll1bkSySFOwPiHkvAgmeHw/wDLAfY+5/Mk8p8SiYmZAfB/mXT1Qv8AhYO6ssXWDbIg21+htDeL2ZZeJiMPpDuxXGz5X++brzg8nz+L/vkd+KRXvX1AGHmfqAcIhNPP1Dc+885eRcSAGWa2Z5hPP/xUZ7f0HYYnyf4gLknn4fvfxv5jjPd5XqCCV+kU5iMcvJnhJ6QdjDeviYAhF6vpKT5gDG4D9P4t7LEj2eWRwzxBy1+hwueICxSuBLwQPatHkh+ZiYbm4LF3Piw0W1py0SQDGde/1LdxDD6fPB7jPU+4fQrVAvIk3JsqZdXI9nqF0TgTnIPH6AMWxOvpi55j7RarCCXOETNjDKH2eRyY/eL1HPi/Y0+m+cEQBu9BnbvFkW+WLxEFPbyBHlzLlGwV9BDfpJkuXsbSeu3xN/f7/enD0MITcgpTnu0Uez7RUdbyYWd7/P4ny4+/0kaHxeotHnIL2yZOTWK4TLlj36FpDF2cgdQBkxAg2/Ewj1O6GwebyxOB8j++r0Qh4fVh1mwurwjlnB8XjeyycXyLy3ieuNtpfBDXLCOat5rGPOxvawciOLWsiHy3kH9/SUFdXr/z/V3+fmUR4t583p/pnB8rZOHjh/P6+Ybx5i1T/VklhPo+ITy8tC2dyXohsE+i34QqpCnSCtyH6zdPMRD2YC56JNdC09cfOfP3Pxdywf5tGrId/bDF17zA9i/xPEEBfrFxsvYCNTlq2ZORAwjeFndhQWSDaW3bEnkmDJcT4tMdS/BG/wD2MEB5f33a4R9+SZ2i8hNz+3/23rYHIzwgeZN4wdicmx59G4WbbbDwtLS8LG1fp+ZOOTn9Lx49CeH7fmzJyOEuKH7Tc9Pj8fP6SHEKXTB4uy+SelIDglqscwCzXqPNYa7xhJt7LcZiKstO9g4NctcHW8f9RUyZvfA/HzDNsOh4267qNPLmiSOvjco5Jp6W7AGQCeuctery/wDxtMShhITGaA3LjgsvuD1fH2i/RkIL79EHXltzy/xk/VjL7ydpCzDy0YvHMHGw+b7UKcs32WoskA77+kuJOYR1mwHSRLz6jw529RHt+nxOeNT5lxGLnDn7wo+BdEH0el/g/wAxWbz8v/kCEp9w/e2kmeQxPjwdPmA9dB8wVTpoi+Lwy0PLiUssSyPuxco4dg1kL2vAniJSYI4ufbe3cw+ftIYeCHfhfh/fk1gBie70yLfrBhJs78+JW+KZ+kecyNZ7UidFpGdfM/H2w/o27D0Yj3Ysk8azEkfE6yXOM88Rmkvlw6v3+JYD1YZxiWYnhu0QZ1A8+WPTB25E+gTzdw8B/mVV9MuThfQMDzERfEH5reh439ovhiZ7fx+vzA9M5+p/7bGvHzIwDMssk6e5Ojc/nYo9YiRgssvfIzIJZew+lx4mGxzwl/CFSxszSdroK/xZIpyyPjcV4iXtyVkvmMHmLMYQRrkMfFwdj1WTVLhrKPUr+ltBF+o+JO8kcXSOTTslXxddTkQMLamSfU79hA3sZnLBCfPJOXiWWsJ4suMN7V3uQbx2I1cduEErqwhYOrYwtgscfCxI+5TeW4AeZYgYQB5N6S8dfMkdfNxMXrYfpjDaAh8ogwmMRmAdW7ZnIdmT7Hm8u4ywditNLr3s47yW9ZfJgp8GMOvM1ddLLjDM6SebZhZLNuweYFn0IJqwusscEPzKt8sZ2sJvWShrLpwEtPlv/8QAJhEBAAICAQMEAgMBAAAAAAAAAQARITFBUWFxgZGx8BDBodHh8f/aAAgBAgEBPxCkKyHXLc4EwuP5YVYMnLLFG2OkvmHE95on2lTiL4Jh/CcwQOSbGGdBwDZLFi6s+a1LTDuMDycw4PmOfIckSJfVbPHWUioc8n3kgnUqY+ZgvKCCmY20Zg1Vg3AO4aT7mch6EwBjxL9KirKP46yhKwLLlDHMMY6o/rmKbK9yICpOxfYcksOGyJq7dH7zGiXTeHz/AHGLnR2h/wAladrmEI2bX9Ss1g5YZGvmKKxIubgkZ2jKtEs1M6yovUMK4H4FUvjmYtV7uYNlXfj1gVd3FP7d4wtu8/b2efTshpDueM8j9zHDl5nEQbeXsTRPgQSqz06RS1OjGK9TrsRxFO9MAeeJbqAow3bY14gqBiskNgpOKOXCUVZ05O527f8AJ3aI4HTzFD2mtLvK7f8AYZl726domAofzBxP8RVtjBZMwyzMoZekQg3Ck4OJgmoxsh2OpgcIjYXBdJnEbaGLI8SoaklyGPp+w5gXjR9zhO5OXw29fvELHviIrZnc1j8A3mJdkRqAbGBOg9DJCuSC6TT5jnwyhCID68RUXLmmUuI+sMzG4FvSSuGF+nZlZWjfdiPBYZxLlQLcuJizELXEILME41R62PxBWwvz+v8AYACEz7n3xCbW8esaqswwr/cxYeoaYrpiIqFg/DqpYSeEI5oI2BB1qGctTGpQVCrZ/f8Ak46sy5Z0ipzIeeO/WW6QcRaj9xUcvWGgespRplet+HUC0StiieYxLmOi51Iu7i8sfE1Cg6gm30+/f1RDZj3jGDr/AGzCAL4+/ELY4mRqYYuS8EF9A8MKpatEq1HjMqkzVxHGo9FEOFiLiBDKsM0lZ/FsafjioDcFLIaed/FRhRakJRnt++3pAYsb/klshlkFjD9+ZXtfp94gjSk8/wAf3C0HEqY5jlw1mChCx34gW7I43AhSQF4ZgQ2QyBqcqUFy+2NqQTlASpMiLl2YrtmI1xFK4lpwQTY6YgMmzw8xGk6YPv7ip64zZOirXSUgLqFq/PMQtmhWOnPvMYtXduLgtxcxW0wRY6vYDnxua2UL8HJRGihaFMTEYYpdY9vm4VW8RwTRKBRmHbRT5/XS4CS/p4+IJRd9b/UzWPc37alj1M31gMEgx0ihemOvshxZVZlUTc3LgrHiplMDNcRRDH37iKuiBbTMqG2VVOZVKl5gkqHVRUAe/HhllqaIZLT7UP5zpGJyQEPAwA0gi5UZbj0ANPaXZCdQUcxcTaCkSCD8ufeAjXMFYE7iyLSZgYmV+3DrYKR2Z/cJU7mFlq2vMBVzl79L7xOFDji/v89oSq7uqeIyBpu4rjrsalcscqYra4JuHEqM0mVD8A2m8SzMB1j8Al2RXdw3mXNoWrljkL+saCY+7io0em06yvbAUPNfcalmBX8R1Elf+9oCZxh61p9+YQvhf9h2KxmrjDOo9RDuWYdEFh3mOfxYqky5ATE2qXXb06xagsIxprFVMDtA1k9ZWwphcXinzd79uXjUtNsBh6JSjg976xwmC+EVdj8cxkoRUMRNQjMNwXbMmUiW1WOJV+CZuFPeY7IanR7RVPXAumBm73U4vKPNekr4/Q3C4Ljvn2gpSvvt/ETsH8L+3xVQRSfHxdtzdMdGpnKi6ux684ecS6HTXeU+9c3xUqVlcJNjZl2YGkGh3U8aJY1MU2hGIKrUX3RqpglmPMyOkRUMhffFZjK24eOICJ+WO8Jhsb5Xtrxg7MsVZWNN9/8AI0FY4f8AYEbQbLXXtCwoMl9fT+4PzZcdO8JyW/riFI4wzDds8VFtLI73LfqiDKFJRk5ickVGpjuWIGYsG04NRolBOkpXLbqGMZ0D0OZRbd7X85mysj/YQD1ILdQKhBELYOnVPWGLZiR9hUtS1F/D7K9pYo2vQx8wRYyhcR3HSNivwElBA/tCJVSu/edavvxERM2X0PP+Qi6/enQgV4YNrjcclglBGCCEuoePtfMoJVRA+7/XrCThF9FxoQeaAc7hqC4a4lgkpUYg1LlRLItkAzLuTUqLVtHuSqA/v/I6jqIlSULiicEWHCZc7HOtntmWNEIFU331/vmWMZI2hsCARiFIsXpFzTuGO8qjOoS7jiI75hHqyld3LIGYjl5hS3bKSiHnMekSKbgAZvnp4jUekShandyuGYDsygVAaIItpa5uYwdRBVSbY9IkMBYaVgiVLsb/AB3Kbh4iK1ZIkIGUFhRAo621AHqiuoUHMCWJDJGG39wyaOuz0iToS4fXjbcGqPapvJTaQ8jpqFVWVc6l1xBYuZkqMHpMeICFzahl1KQ0yhBDilsCOrh76OX7xC7w45e70Ij3KHu8P6Yy/l+8QYWjDxZkJHnSLzktDaiCy5hqMAWPfNjmI+48O8scyiiFsEP6/wAzU7v76EcPY9oA6DRP/8QAJBABAQACAwACAwEAAwEAAAAAAREAITFBUWFxgZGhscHR8BD/2gAIAQEAAT8QS4hD1D/DCSU/Tr/ziCuiw89+D5w5RY79c6j9ge3jJUZKOAOqb8Y4JhFu+gDdoALg5x0gilqmgIcoHJxrFgtBPcnceUqzOYqCSfHQcDbC1B/l+HNudwEfG5g6n8z/AEWPHrBp/mI2SmnGc8CSf0Ux0F2h/wCJm8VWg+M+hPocMD8KLfG/8sNT/wBjoWIGg4JzpMgBEkRhd8y4ymI/LZUANdSTeMpmdkG1qcrW8OXSnKq6D3/mM64PQa0OJYCHKAtR0dB34NiegwTG0nXrVKDAVcT4AAjBSSAaSW7TebaBhC2B6zg15ecM6XmrLzxVs6bBUQM6cSslqeuATlyGrbEQUDxjqD85Rudn4NSnimRMni/rQiflgcKgP9RmmnnUwAv8M3hrqOHCSa5L9GAkeNDCKe+HrBH2ZYEE30cTkzSM/wBzy3l+pQT6y+tOy/8AGemGA03IgIFpoowcCsYr8ZZLWihRI5oukMwDpFtqQ7IZrVAr48vx2/5kpWo0rt6pdIrkY7EKKhTO5ro4EMC3TgnQUZqffaGsKaEpHHBordBm3Wc23w08UgKhmh5nPVXD3H9rhfMjEAJYNcNPZXLjgzjzLJa0DAWNzk14O3DS9ERzgHj84kgcF4+rlDBBlWhB4ofamI0oCRX+ffWbeNrQ4Jv0sfrJCAYj2wN0feATfGWSS63bhOQiKKPxMbH/AHORpfRh1YX1mV+zvzGi3Vwg0J3GxbMUIlcRrV3xHZkLMFXopw5nL30X7ExG4lV6iDZZoL8Bl1ipG6VSK6eKOncugcna0CarXG2Nzq7tvp1KeYLq4GX5XK/eXTzHF65wQBvNessYH5wc+DYwB/jjoK1jDSvsJ+EwGRYNg2PkRvvGMUAEd4O7x+E9OjnHZc0JNXSBA9frK5ZnrgWUz9MXK1A00ClQAV58yWIg0gqB5ht+zDAojFERORPc1N5cATC0o2fhcgce8nJA443QYtpuk6U+SB8GKEmeIS0mhH5ETG4rGYidAE8IIq4oEGbv3eh46s3tchHUC1V2H/Q/AOJDQOAOjNPyKsxM3Ch24N2A4PL64tIV2gvwZTOHpVwBETW9Jszm1sr6KbB5e2ZThiuQSaPiB8Zywqi08TvCSeQ1GSpOOdOTvUkX9UTSJW6npgYI6ZKgRSHcdWdYas9Ul8tuti7FZrB/61UlOFF0K2eZMMZGmpk8qvjZhHtZjFIeTvAltGo5CiFw/v04k4Y4UyljqgzTSfSDZhO1kkrQnAGDldAwKJqInu/tqcM+sSXYGgnAGILodGRKjzos+/8ArLQx3cFuBqm2fGFSclJTShxj/cnE37evnCMUC4eAOadsPjvJ5JQDxyNsfIznI9S7K8gtXbc38ZceaYZLYPW92Y1WRKfBdPVOcEc4Bnp5htWQrxhE+lV4ILHht0d5SS61boNuMCw1vN8yliR4vZw8A+5PvUNNKu/DxtOsvUggX7xAC+S4BBYOS47JS9mbFyD/AE8TGMoREn3Oz36gmeUL4KjfAh55+MM7Mwldv1XbliQ9MXAWaX9p/mMne5W8vJB2NA+8Pad5guh6Xh3F8xybqcZc5MrmBy1/ABiDBRfH71Xer1l13KGQIP2NGjnGWqKgr3ONh3qYdNi4CcNG+bU8MN0jtKVTtF/aeYjfzGcadN4vqt4mzBV1ddcbV8hwbyoscvKBAAktXdq8YBCpUcBfVIQnb7k86dJdoYG2PRKv9MIFc4jQdI9mGkVGnD5xdRZsydZqxEpsevpNJkxha9fUQga+PnCI8JGZWh+Xl/6w/dNts9XDPFKMPme58YuBAUApR7rnLwEE0CUD4I/mN/t4jw/zK8coEl0aI/mR1GpgyqQnvA7cdXeOXioZflV8wobqvPc+R91Mm2IdQGxLTTB2U5WD5OfTtT5ds6J3lRpbSros3D3BvniNDkeJ7k8SvraGKk4Esm+cDoQ1IKRqiG3T85HiiC0gbPhDTbMmjG8gGjmjYfjN1JIge2az7XN6ydRX6TKku0F7w3XG3HGDGLGgBAP1mr96+8VFDkj+8lmPpwYFsthv9uDDKAdPHZ8PXvA/7lkiHeGw8O9YUf3IO2AI9x2Qe05LJkNOwLnSDjQRBcAybE1KWO8Jc94VFCPogb4ATCrZjsVVdopwNZL0winvwnvWVdwlNVHOxASkOsRB3cVhsCaEvBDuuQ/McANIZXc5Lg3C9UUdE7ku+XesqQW5pE10MNTQ3l8vUPFAVVs4FzIZe1njoHJIovZrAVLvMIk2mMAYrcggOz5xvVi9p9mHQTy/z/5AdsYGyBOsadE0Hn4xysWuQPfpkAXqJA96DAlbAm0PnCaKcJPq6aAPikLiTF1IEL3Igp2c5ZL+WcrAbFVQBu4ChIiX0QwdOUJr3GZUJF5DaE3ng9YvZpakhB4KK2icRmPiEv6RWD2Aljp5xqMhM5dmnegKkY3GgqcicjpBtujxtxkEETotK/3XeAao3ANk+NiPhwOoCa2/KcfnGrYq71acFGaNEFMAWclELaYWt23KmC4LEY0jUD5MCbM4fYtnCOlUsusD9LV+RHJnOiKXznrJ4Cczkw/riD1n4Y23z0fcO/FEek5/zDrLtgHMLzrbr3KpWVOuvXf1gsD5gug+COUrukxClzsvdnZiVew7cL/aH8zjjSRJYvCQA4ctsQE9IQSq8ArbkMvo/KQRSAoANRbwuu+jkqScfnvm4LDIcICQ1DNC64lvPv8AW3RoiG7nC5WLbQ05CeAu6IjgAQy2bF2cff56wE8puultu9tp+MZ6sYOoAQioP7HAZxCEwgRCCbBaZk7MzXMUolk7ETXdiJJNABYcTgPfgxwqx50b5+33Eui21ZXZiioAEFvcP+/OLSYUChTRxrllFd8HuOJdbyb5O9UAh1P6XD7uDwJq9grOOM2MrpwjfBuM5cEILY6Cyc/P4ziTqIRyKLt51gzpEvSF6U0uyu8SwToEVLdEEDoO8bxRRVFzjZyk54SuTrfGQXJcU8K5f1rSIpuwb+K85z2n1Fl9obChxq4CzbJEPCBQoc7yl4jaq6LwIaJLHGA+WnQ6JFBj05BZggSgXtL1/mSScJiowtFHZdrgVkTYBQgM5OYJ3jbRBCBA39SHs7wIWkDV9/8AADgDIIwaujQJlOPYFp/2cubniNf8Yisq07/9ckgCrii4tMYoWkeVVwoLaHA+VdY25Gwwa5zAV1J6ZJc1Sc0pqkKtt1muAPG0BQCB4YUJUmcBWOI7Z5zkApt+mgNSxZ8m8XTvt3dDEJ5TXRxcVdz4coigwUDGBkao1CK2bdqAQcXYUUiI78XNItousvP6W+iVQGiLUsMDoK6B1VvQjgAwyE1VUR5A7NcfGMY3qmm3U2hkuk3mzIYi2NnYprdmDDaENQapYi+ZSYDMtGclHN6YTbSIFU3bR5ziwYAoad6jrmZCHZwXE02lvAPXL/O6KXQj1zx+rkz8Gs3nH3g/sJ5hkrmlWQMMidglWt/FL0GHARGoFxF6KLvJOg/NjP8AvLlSRoeOacYiUoHIBqDs08385Kuk0VBE2rQaFxsobwMSqEtF0pBFMDV7bSHlI2eD2ZqAR4ZVjwaBZ8XIq3DptCAsSiELzh/naQEjyIJFCua/HeatXob1AdNuixg/cdRKo078uWqa/KScShG6E5wkIgeBoUJocs3gMumNJNGiBFUmcBxobidvqGtce4gay+aCNJ8OLLIK0Q36m58TDfhIVZLOzBpDG9OZrGFc6DLNNXjDQowDLudEcvZ+jN67a9hPbunV3kWKqUkGnQR+QvmDukCUpQ70J+c67iwrwPaXJSEi+AhXZWjkIe4xrggRiF5KsDpTnGMlF3A+PYvBHy5VfiwcUkpAk6WOnAdOFtoDTiMIOJDT4GDeqglSiW6odYRM4oEOBu2RU2o3oxpK8Zst7KNxjVIDn6FgPAgdRAnmcrM5kSt/QaK7xrDbQahAHaTn3GE8qAlg0c2GElWj6vO8PUIUS9NTrvK+Vadv+H3rCLRC/wCAvXr6fOAkgOG6SdfeB6UmIHhQSbvONEntkBwHluRItE8zQHOPr7hUSIKRGN4g9OM/ABQbQsFIgbDEcXKwoxoix8VuVwD89gGWgNUEBSzG2NBDb/IUIDbt0bxYMXkwIDBYnXGPmKPU4pHTpjDQ7oA0kUHNAQbQVN4VkaS1qXuXpyeVoimBDLSHw7Njgl1eLTgScHm0y1di/kaS5a58xHCBByF/z22ZuXkkqsTw5D11cNchdgO3tBeXk3vFAj1yMli8DlOImw+PvGPYSM+IvmDfvsAjYAKSv+byRBNSmh2TH80grEbHJE83kokyi2OMtuvcdFRvBNr8FKen1jaEXbCVdQp4afejNBDi57KNrt6WXG/e8ghaaPA6E2vGUdp7VQzYElGu+7jUs7XvYJCQpUqRA20kFNwFF+tRfjCabLKpOZqRIk6xghtdoF1Squgqes04K6IRCJo7DehxV0qSORpwjxbrJutMzgIeGUnxduKNjQMgITrefJwK8ybWORoaqmjfTW683IqrYXLslaSZVla9vBJyhydDvIJNsyBU+VS/GCfdYv2d42odE9V0mo4U6hUihb6lOzdMRMErdaD+DlPdqZxs74yzCr1hZMm4OKSOOCu1wqaGZWaI150UmjrQMbAYoVCRK07mSBAwCIIDmJSfneEAbSUoNDVNxmC11jjt4HRKbXeBuiukaKyiK7PNnWCzcEVrFgR8VPDnyVbZC8o0gLDYMYn8jHKaK2O3UlyJQpBQJLOoc8/nJg2OxRTlDTzBnOzC4t49yIVmpAwDohmAJRbC5+TKM0+0NRbtF55fWc/cFCoUTfWb50hJd7lN3T84Zb/YBUunXXPzjWGx+IpxMGOVONQ6EhGwMXrnM2Aj/bl9QrvNRNj+8SmjBpjkLq8ZYCI0Ifrl+Mug9pvkfgjp5uHsipqNdJ69nXGE7Qj1rj0TJIL9xvTND4x0SzmWtmAGXWsRNiO4cvgdHH3g1PHCEyXRo/GOlfg6gQTsN2DwrvSYimm7p8MNWYqHZEAgl0ENGzVRzW6ssgDfgoOuUCOB+4WZRNGmoDbuYFUMBQVFKpRSiGE0sTENCPOeLUzbRW1SSl+FHfbOM2gpgKXYDw5bEAWoF6RR877zZnVUt9rA2Wvhesi6VDne6acdDvG2iNFcU9aD84HE2odzeBOz6xAA9j3JLJXn4xBDBLLlOqs4OlPemOvnDUIep+T+nHgEop6B9uTRO8uGYnKOQOw9w+O2FF2U8lHbspH3Nf8ARWCSnSL+jCHgA3IWtDsummVmOxigpKK0h7Dc73mv4I0gg5WAJ0HZkUlfAY6cb7874YdY7orEDYg5WX95qUsRRlI9Y/t8ygl6IQnfmzDphCwxXpAHsHOCoCS3ZsnfK+P1k/0ZGBSBujdg1EbmnxIxSb2HZACmNCJVSoM5QozwcbbGZWf6CzjgykDIpSQCYUFErrOHuUvVdpClnhn5OAdGhMIbW72+OU4OEMJxFsfk7yZujlFaR7CV1X1nNYUEVeg815jEgWNDto68IIbN4TJHITU5SlN/GPRRAYIl+P0eN5Ey5UlhR2se1OcApsOxttrmkwORPZsKuhKLvYb3lRQBo24BErO98YsZBk8+PTCapyyip/In3PXKs1hiloP3HzNjKF3aRTflm6XASaEgFwtrx75i7L0oEhFBe0jtK4aKNWInDd0Pk3TNcQR57P8AnBzHngO8Ig8sw0A0GbGMT44D1WAYo6cFpkJ+A+kfcYANjl1dInTvd1w4iIisKYoCDsYFrQjaVLP7v5xkTwVSc5U5KraReOeN/BkeYjgkWv1VyCSoD3VAfy6zX8IWC4EEx4QvAnfNSY73ZAsQVNmmzX1l901aJab5TR83rNiLmUCBHOzju9FxoB0oFisqKbLxN5ZmkZsajxqa/OMnA1qoQm9bl1XHu/OBoEUhq7pOM26wD9wAH85rwEk4T0eE+TAa9klEWnbv6yIBWYSiifesGFBJVJxvj8ZUAVcGXlkp1f0HZwoGStUr8XVN2ySrFVxTvPqPyeSfGUkUJqPWIQUt7Tf/ALrNCJ+Y53k1AGnvKTdbHpvBG3gPAGsQEm2njbi5WKugYCjE/eQq9gLyELSj0QzesakASffH9wcjUqAnQPg9+i43UlGhYzm7Hn9ZQXTVoQo1dPjWTM5gcKLB1pf1iZhN+Fx9k0/XVw1Bo+USPHz8E7dI6BLbW2uaJXztcpvOWdtXCuzua3mk7IEugTk9vGduoIQn8+ufc31dWWceBUwn0Rxa52uyYQztr+YujBMha47fqZpza/VxQ8hK/wBB5ZHO1V5Cd31Fcz9pBqmOQG8nuWJAkA2fRgLBCnZOL5cYKZhmGvHcDnFZiWLBVN/BZy8ZTuIEKFpFkIYBWNgAaDu8Hvui4XgFgEnUJaNzUJAUckXgTb+t4wgV3cQtPnTjXxawSevjnEDsmbKWod/vJMQMKVdFOO9YSxtCgFUbqcq9DiFQpVOPlwbt8yDNEH9aeDzhh49E/OWvXBbqD7HAD4g7uU/uBiek4G/NFMvMiWlWGGY+RuSYN14EkrYIkBabuTLOnDyHQ4NtMDrRwU5fbQpfYJ5UjgtIpuHOcfB8xyBYqFB6JyYBKmx81jnIhzYcYD6JBJ4Udb7nmSTmCiQRxzW88Dmmb8ytVCtj/YaxeJTLZpSA6WbOsHgN5a+z5k8NFIDud4yosxcjmfjb+8BTkIIZbIcRy7J13UsUXQ+eZiRidUnyl/7yYPLcDpR0DkHQpa/qX9uCGpCLEFQVeA9XPuiMGR2vXA3cSNYUR7q39asWDFKFvQdrnQCFS1ZVz+QeBcQgHrNq5//Z\" data-filename=\"板面.jpeg\" style=\"width: 200px;\"></p><p>&nbsp;</p><p><span style=\"background-color: rgb(255, 255, 0);\">公告信息1</span></p><p><span style=\"background-color: rgb(255, 255, 0);\">公告信息1</span></p><p>&nbsp;</p><p>公告信息1</p><p>公告信息1</p><p>&nbsp;</p><p>公告信息1</p><p>公告信息1</p>', '2022-12-06 20:21:50', '1', 'admin');
INSERT INTO `t_post` VALUES (7, '公告信息2', '<p><br></p><p>公告信息2公告信息2<br></p><p><br></p>公告信息2公告信息2<div>公告信<span style=\"background-color: rgb(255, 255, 0);\">息2公告信息</span>2<br></div><div><br></div>公告信息2公告信息2<div>公告信息2公告信息2<br></div>', '2022-12-06 20:22:16', '1', 'admin');
INSERT INTO `t_post` VALUES (12, '22', '讨论信息，可上传图片33', '2022-12-07 13:57:03', '2', '1001');
INSERT INTO `t_post` VALUES (13, '3333', '<div><br></div><div><img src=\"data:image/jpeg;base64,/9j/4AAQSkZJRgABAQAAAQABAAD/2wBDAAMCAgICAgMCAgIDAwMDBAYEBAQEBAgGBgUGCQgKCgkICQkKDA8MCgsOCwkJDRENDg8QEBEQCgwSExIQEw8QEBD/2wBDAQMDAwQDBAgEBAgQCwkLEBAQEBAQEBAQEBAQEBAQEBAQEBAQEBAQEBAQEBAQEBAQEBAQEBAQEBAQEBAQEBAQEBD/wAARCAFOAfQDASIAAhEBAxEB/8QAHAAAAgIDAQEAAAAAAAAAAAAAAwQFBgECBwAI/8QARBAAAgEDAwIEBAQEBAQFAwUBAQIDAAQRBRIhMUEGE1FhFCJxgQcykaEVI0KxUsHR8ENi4fEWJDNyggglohdTY5KyNP/EABwBAAIDAQEBAQAAAAAAAAAAAAIDAAEEBQYHCP/EAC4RAAICAQQBBAIBBAIDAQAAAAABAhEDBBIhMUEFEyJRFGFxFSMyQgahUoGxkf/aAAwDAQACEQMRAD8A+YlQ4oyIS2KwqkUVAWOK63+IUTYREmjpFW8cWaYSPmlWMXIBYsc0zEmCMeorcRsR0ry8fmBzQ98l0x23HIz7Ua5wyFRnIxS8T9KYdEK7geoq0G+URkmFPPrS0pBYYp6VPmOaVnjA+Y05PgTIVJA60KSQBsVtMQDigGQ9aOKENnt2ayrDFCDVuCO3SjsGrCKcsKOOlKI5pmMkio+QGgyjtW4PahIaajQMBVBqNGo6j605AOn2oCrgDrR4jt4q4uiEhGuRRPKPv+lLQzCmknHQGmWUeEJPrRBAc9D+lGiw3JNMoiE9RRKVdEasQ8g+h/StGiAqUEIbnH7UKa35z/lRp0xVMh3jG00uzHp2qTlh9v2pGeEZzTIuimgcfUfWjZ5pbdsrIlzzV3ZK8DO9hxk49Kx5poTTAjmhmRQOtNjz2A/2N+dWjzLnnPWk/OJ9a95o70SdC2+RhpNvIoZk5r3mKx71o3PSiv6FNc2eeTjml5Dls0Ux5rQxHPQ1aBYIjNe2DdR1t2PrW4tSW/6VdlAxDlaKibeKKIDt+9biFuoB/Sq7InZ6FW6+9HLlRQkBUc1pJJleKoryekelJZK2mYmk5JPWqb+i2ZlJWli9YlmzSzSgCgbZV8G0shNC30OSUY96F5pqxbsYaTAoTS4NAaUkY5rwIcZOagmXYVpuKE8uTQ2YYoMkmKG2AzZ5MilZJO1YZyRihkZGT60EiJg35ata3KknJrUqQaAGwTciguBnrzTQj5rPkqeSoJ9ahSkIMrD/ALVgKx7E06YQeK8IR6VKZE7Etjf4TXqe8kf7FeqUyy7/AAwArZIcVINb4HBrTywDg1ylPcexcKBCI4pmJOaGQfSjw/51U1wRWggjFDkiyMCjjrW2wnsaBDqQpGHHGK2ZpB3OPSnI4wexrWSLtiiSKapCoLH81J3LhVJHbNSLJtjbPpUXOgHFMET5YnktzQ3HzcA0yqKTxW/wwbk0akkIfIgVOelYQEdRTpgXGcUHywDg1adko1RcrR0B9DXoos8YpxIAOf8AKiJVmkSGmIxtPNeRSO1F2nOaqizYgZ4FatnORWM/NjmtjyOKspo2jYimVPzAmlFz2phCx60xAc2SETkdKMJG3DilYi1NxKWOCDVxS+yEhZgsMmmZIhj5hxXrSIAIB0PWpCWBXiK96JvkvaVm5dVcgdAaQmGTntUxf2QjIZWznrUbMhBxTIvgU1zyRciBWNCXpTc0ec8UsVwOKIDhcgm9K0dgOK2YENjtQpeuaONgy6Ncmtw/FDPFbL0pqdiJBQ+TRRjPNLKecUZWOam6gUqDbRRI49woak9abgyRn3okyVZtFb46iji3DH8v7UWNOORRgMHAFFZewB8MuP8A0x+leNvjtTe4UKSQDjmqbYDX0Rs+FpGaTmmruVASOeOKi5pk3cDNC5rotIzK4x0pGWRRWZZ19aQnmHWluYL5MzSr0FALmgNMc8GsGZscEUPbAbrg3I/xdK1Y7elCLuep4rKsQc1e5gWZLEda1aTJrxJxg0NiOeaK+AJK2atLxxQncnitWbHRgawPm61ViWjTmtsc5r20VmhV2V0Y2isFMnii7R71kKMVaiA2gIjINZ2iibe9Z2NRpUDZpsHqa8EGK2AzWdvvV0gdyNRHn0r1b4969V1Em86atuGGD/al5YFVyM8VYntgEVto5GQcVGXNuFdiOtecie9I0wqOQKysdNLEWHzjFEWFAKt89kavhAY480ysYx0rwTbW4JzVWEeVB6V6cQxoDIRk9KIF44FKXyFgOOlEuCMQuZQSVQ8VHS8t0pyWIq2cUCVCW4p6Znmn4FFGxsdzzWxdu54rZ4m3ZrUowPWo3QnaZUg+talOa3iRumaZSANyTzVhJWChjFOooPWtEj296MvQ1dFqJjYorBUZrSRiCcVqS2auymblRWQAa0JI61sp+tWA1YeJATzT0UIbBx3pSJjx9akIHwKiBS5GYrZa3I8vkA0W3Zc80d4lbkUUXQSVGLW5IwCcYqTjuA645qJSIhsU9b7EHzGmlG01u0nbIpCa0TaSRU0iq44rZ9OSdeMD2qEcbKVdRhWx6HFIzJjp0q33Phe4lYmPOCaib3Qrq0VmljJA9qYmhEoNOyuSfSgsew60/PbgdP7UjKhU5o0xbAk1lemPetTWQecUyPAhrnkIinORRSp3ZrRM7eKKAc5orRSTDRqacgztpRDRlmCiiQSJKOQ44rzS46nmkRPjvWrzBuc1ZdjMt4E6EUlc6g+0gED6UrPKuTzSksqnoTS3IDozPcyMBlqj5pmzitppcUnI5PIpbYLZ6WQY4NLGUEGsO5zitCBQi2aP0rTJ9a2ckgUNic4ooinyz2T61kOe9CrBYDijBCPJgc5oZyx5NaEg14MRRJeRUnZ4IT2rwU5rdNzGjRxnOaoAW8sleKIkXOefuKaEIArJixzyPtVxiLk+QO1AORWwVe1b7frWNvpVgWaMoxQyoznmjlSeK1EZJ6GrSbAbBbfrWRGT0BpkQH0oq2/GMH9KJRYIl5R9/wBK9UgIBjp+1eo1jJZ1i8kPOwcDtUZJufk02Zixwe/tWrRhhxXl0fQ7EwpFbKpPFNG2OMjNCZSrYFXRYNk2GsquTiiN8x5r2HzwD+lSiGGAUc0GRAxzzTRjYjnistDxxmrZOyIniBPSlGhweamJrc5GVJycdKE1nzg/2q1KgNiZFG3BHT9qG0Az0qXNtxnH7UvLBt5xTFOynBCCwAD/AKUZI8cUReflPrRkjLHOKNSoBIXWPjNZA25FMrDkd6wYeehNTci6S7EyhY9DzWxiI7GnEt+c4/at2g3fLzUBcbIzy6yq4p17Rx+QFhQSuDg5ovALjRmPqPrT8XSkF4IxTkb44qIXQ/C2P1ptZhtwTUYr89aMr8cmrRG6JCJuT9aKHIakIpfeieb81NiyiXtpPmB9KnbVA4DZ9Kq0E+0ripvT77kAcGpJeQoE2T5UXaq7rly0gYYHtUtcXO+IkGoS5UyHLUMO+CTKndQkyMSOpzUbc24OeMfarbcWRlQ7VGe3FRVxpVwDzHT1LgyuJWWgI5/yrCoM1NS6TP12Um1g8Zw3FMQtwFViDCiCPHrRBEYzgms0W7wUo2aYK9KwWJNbHrQWZk570xci3Ggu+sF+OtCJ3cVjYPU0NAsFP8xJFKyKadkQAd6XkUD1qpIpiMic5NLSgCmZWPek5WANC+QKAMcHFedwc9aw/wCatXIz3oaAYFqETzit26VqFzyatC26XBitTg+tE2ivKgBxzTKsXI0UA+tbCIGiLH2ANHityeCDRoSwUcZz3o6Ko65plIAo/wClZ8okg84q0hcpWgSKMZrcqOgzRkgYjoaMLdt2ApI9aJQZmsQZGbhYya2S2c8FDmpOOzbqAaagsMnJBB+lNWOwXMhVtM9j+lFjsmxnBP2qcGmFvmCNTMOlN/hemxxi3NlfWyZhjBX7UdLHHBOftVrtdIQ/njb71L2vhmCZA4BznGMUxYkiJtsoa6eCPyA/avV0+Pwha7ev7V6i2oaoEQ0YB4FZUetN3cCou5eCKSV8GvE05H0WqGtoK4oItmc/LRYnycGpC0gDkMBkd6jdchQjfZG/AzD5jGcVgwbav1lo6XFllIssOT9KQ1DQRIh8mP6n0pfvKxywNK0VeG2VkJIB9Kah0WaUbuADRotMu0k8sxHrjNWC0s3jA3qRx3q5Za6Chit0yq6lpPwMUbl8lxyKiyMNVx8TaZdXEMUkEeVTOeaqptnVyHBBHXiixy3Cs0dktqFWUHilpIM8YFSDwEc0syHdmmdiv5EltFGWx1PpRvLC/lHNF5FeEgBweavoqvIOOL16Vv5IBzj9q2Zg1ab8nBNXFWSrdm4jUDihba2fAXANae1HdNFVxwGjUY4pa7th+YDGaPE23rW8zAg8dBmj5sW0yJCFT0rbcFajSoGHFCaLmisVKNMKGz0oqkg9aFGOxoyqM0SYIePFGxzmtIlBNMrbl+jY+1WnTKcWejk2nFNw3e1gQaELJzzvAH0rQxCM8tRXYPMSVW/ZhjcSK3d8jODmoqOQJwDT0UwYc1F8WXYSNgT3oskUbjND8sHp61iViiUYNI81qhUggYqB1SzVXDIMVLCfnBJ/Wt9trKP5hyccfWiUqFtIqEsOQf8ASlTHtq2XFla7WOFHeq/eRRq5VSDTVKwGqI89a0kTJrMmQeKGZvU0yLpC6o8VK81g8isq/mcjOK3EYA60SlYuS8gZPy0CWmmTIpaRckiqkJfZHTAngUpIhqRaLnOKG1sT2xQbW+SmyLdGI6UF1YHGKlHt8dj+lLyQg9am2hcuREIT1zW2wUR0IOAKysZJxz+lWlXQptICI/atliJPQ01Hbk9AaYitiMDb+1Goi5OxeKAehp2OAHoDTMNsMdP2p2KADoP2o1FiJCC2oxzn9KYS1XH5P2pxYR6Gmo4Vzg06GMU3ZHG1XIwv7UaK0DYwP2qTS1Ddv2qQttM8w5GMD2p22hb54REwWZzyn7VJQ6aX5yB9qlYdMA6xg4poWwjOCgAov0Vt4I+PTkAwSD7YppLDgY5+gpuKJD2pyKME4FMXRWygFrpsm0ZHX2qxWNgY0A+XA9qTtl29OtSkdwqr3qO2SMaYdYkx0H6V6hfGR93FeoaZoTiUPU9yS7MnAqKd/n4q16poc0mZI8k4qCl0i5jI3oQTXioys+hOL8oDDJz96l9PufLdQ35SajUs2Q4Y4pqGML9quVUDG48HRtB1+CBVhuAGjPDetMXWoadNOBaDOetUO3lYYwTVn0eS2ePe+N6c8+lYp4+bOhiy3wyVNnESk+0DnJ4pK9lUSHaM+lS0VzaXKYiIPqPShT2UMa+awFKTa7HypqxSzQyJuaLdnsRUnceBNB1BGmtJmSRlxIhA4aoQ6sIJCI4yADxU9pt7JKPM3kZWqk8n+rDhGElTRQtZ8L3mlyvE9uTGp4YDgioSbTGK/LFtP0rsk4WVCTzkdCM1DXOm20sbB4kxjsMVox6jw0Iy6SMnaOPXEDxMUbqPagYIzVi1uGESvHFhtrY3AVCSRkDgVsjJPk5ck4tpiTbs5zisIRmiupWgKQDyaO+KKCVnGOtaKxJog5HNS3ZDG8r9Ky8nmDFaSVoGI6U6DBfYQjNYKAnitQ5JrO9wKtgSRkRHNGER60KOUHrRBcL2NRMXSDw8Hmmo5AtR6TgHrTCTg9KIEZeZ36MaBJu7miblK9e9aOQRipdAdgPNKjgdDRYb6UHAXFaeUKLFADRJ0AkMR6hKn5txo5v0kjKOeT7UnsC1lIyTRp2RujLuei9KD8Qyn8x60WRShx2pWS3dxlFJFHF88i3weuJ3dSAx6VETFt5LZqTKFTjFK3EajNNX6A3EU+G4ql/iB4nuvC9lHNZWyTSSvsBk/KvHfHWry8SjJB+1UL8V44F8NmSQ/P56BABkk4bgfbNZ9ZkcMMpIuMd0khX8OfGur+I7uW01C3g2JF5nmRrtIOcYroW8Yx3rlv4PS2xivYljKTMsZXIwSozu/ciuloSDg0PpspTwKUnbYvNSlRl2+YnvWgG85GaOFJrdIgK6UeezM0ANsK0eAL0J/SnsClLyUICB164qP4i65I+cj8velmjJ6CqzofiXUdb8UapZEQrY2H8tcZLO2euemMCrYoGM+9L0+aOeLlHq6KyxeN8ivw+eoP6UVbUZ7/pR1Az0ooAp1IzSaBpCq9q34HAFbsSBxQTJzRJIS2FEvFHScDtSKNuoqqc9KKhcmh+KXccCnrcFmFJ2NsQS7Zy2KmreJFIJGMe1aIibsctIMgZFS0SIAMDAqNjlWPvRPjFxjd+1EUSokC+9DlnLcVHfEO3Af9KKkq9WPNEkiDMMhB56ZqQikAGRUJ8QuODWpvHU8OQKNAuSRYxdRjq+D9a9/EQg/wDVNVsXjkctQZb91/rNGo/YPuFlOqIOsteqonUWz3/WvUXxB9xHUlcSdRQ7i0gmILoDioyPVGzghRTcd6n5mkH61886Pqu+yNv9NTcfKXHpSIsJVP8AnVpilt5fmOOKw9pBI2duKm77KUVIgYbSU4G2mUSWA4IIzUylmqcrR0tEcfMqn6ihcvsKMafAhZyzRsrJkHP61Ny3LtFlslgM4NKNbDjCjjpimEQ45pT5NEOmRrbmfd5AGevFS9jcnYBjHStDED15ryxlDwMDNSVdFwbQ/wDEgHLvgUrLexnMYYH6UrqVvLPb4ikKMvOQajkBgkw8hY46mqUSSyvoj9W0aFnLwH8x6VAXukSxcp8wq4TyAjNIvtf5SM5rRCTXBknDfyUS5gkjGGU5qPdCXA6Yq93mjJOCyiq1qGni1cggdfSnRnZmlFxIwFU4PWtRKFGKxcrg5FLHI6U5K+xbkMST/Lya1WcEd6SZyRXkamKP0RMc84btvetw3FJ4O7NF3kMADTAZBmJUUNpGB60TO5a1K9zVUJkjyynHWmIpiOhpdVGKPGoxmrFoZE5xzRFkBI60q+QtbRucc9qhTH0dcZPWt9+OB0pDzfrWwmJ6g1aT8AumMSS88msxXCg4pSR8ihliDRR+IF/ZLFlkA570SMhFyTUZDOCOtHM4Kfmo3ZYS7MMbZIAzSFwI3HBFBupXdsBsj3rRQzgjmjj0KnS6FLgKs23nkZHFcu/FXX4ZJE0uLyjFp+6aZ8bt0nQJ6cDn71bfH/i1PD9kdNtJiNTuV42jmBCPzH/m54FcN1e4ke3cPK2Blmz3Pcn1NcP1T1GF/jw5b7NWnwSfzl0TXgXxHPY6gupW0MkkSFo5IgOqcHH7HHuBXbLC8sdVs49R0+ZZYZhuUqc49j6HHXNfNfh69lsLhZ45WjjkbaSP8Q5FWuPWdY8E6imraPL5+mX7b3typ2hv6l479wev2rNoPUfxZVLlBajTe4k49nciwUZrUzHOah/DviTTfE+nrf6dKOfzxkjeh9x6eh6f2p9mI45r1+LJHJHdE5GRuDphPObnmoTX9SNjaz3Z6QxGT645xUoxwT9Kof4n6mLTQxbCUh7p9pQdSi8n/Ifc0nXZlgwSn+iYMfu5EhL8M7fbZ3l+xy1zcnPHUAcfuTV8TkZqn/h9ZtZ+GrYyRlGnLTnPcMeD91xVuifjGKD06O3TRE6ud5GghbZzWjTnPBrWU7hxQCDmtyMTYfzpP8WayHdhkEZpcbqbt4iRVr9CmZiRmHTAp+CLByaEEUDNGWZV4pyFS/ZIwMFGKIbor+VsCov4oZ71q10D2NMRGrJP45s/+pmt1vh3Y1CiX3rPne/71LYuUkidTUiOmBRP4kcYPB+lV1brBxmtjeZbrRRYEpWTvxrf4/2rRr8jJ3VCm9kzjeSKHJeOeOP0pqe0TJ2TDai2eHFAe9D9X/Q1EmRic1shPrTYysBsf+KPYk16lVcYr1HQG46WHbGQea2Wdk60a7tVtZGVXyAaTZjmvnUJbkmfWJxcXQ7FfyJxvxTtvfSg53kg1CBjTMErDgiiaQMZO+CwwaixJBapCC/BIU4+tVuA9yaPFcyI2QAaTJGmMmWgSq461upFQwuGKgqSCRRIrySN8HDA9zQND1NeCYjAJ4pgQl1OOuKRhuFIB3j6U/bT5zjmgdhxoBJC2OQaQntFc7scipuZgydOaWMDcEDORmop8UDKNkDLC46KTSxjIPzDH1q0wW6Nwwx9qir7TmMrKBwPbtRLIRwdESSpBVW/SoLU7Te5DDPpUvdxJbSYQ49frUVcXOWY7iSDT4pszTSRW7u1wTgftSM1uBwM8e1WJ4llz70C60zEfm8r9RWi6MsoFYkhI7H9KHsINSUkWCRjvS7qR0pkcngTygJUg1sQScisbSeWrK5IpqlYLlRsp29a3EgPahMSBzWFJokRch0Rsda3D84FapKu3mtUdc9asCSNb2eeK1klhVXdVJUE4BOOBn61X/CXjN9ce7sb+1Wz1GxlKTW+7JCjHzDPUc5+mPWrBI42nmuW+OzceFfE9h4p0tyDcDyJlx8rEDgH6jI+w9Ky6rI8KWTwhdbnR1tWVu9EVRjioDw/rlp4g01NQspgwY4ZP6kP+Ej1qaWQqAAa04siyR3R6AlHa+QxTAzWkgOwkHkCtGkkP9RrwPNMgtwuXIu07qcH+1Gil3Lg1tNCjp0Gc9cUJEIOBT0kBy3SN1Qb9xqF8ZeNLLwpZlITHLqEq5ihPRR2dsdv7/Tmonxh+JFloofTNBljur8MEeThoovb/mYfoO/PFcxl+IvLmfUtWmLySEvJLK5IHqSTXI1nqFP2sHf34NOHDtlukKXt1cX1zJfX8zPcXJMsjyHHPqf0qt6vcLdXK2cDhox8zP8A4gOTmpfXru2b4fS7KUzyOfNmcf8A7YGfTioGGMyLd3qqdqrsX0GT0/SvLLH7cm27bOrCDkujTQCJ3lgnYpG0h2kf4ugq8aPPHfWkugam3ysdsZPSNx+UgVR1tJLOysdkm55LhpTt/wAI4/vuq2oFuppfILCSBikg78U9pSi6KliceGR7N4h8D62y20xt7mJt2zjY6noQO4P0rrXhHx9pniiAW90RaaivDQn8rH/lPc98dfrVCe6stagjtNZkZZIuIrkAFlGOhz1HtUTfaEbRmlg1O2DJ0lV9hI9CGFaPT/Ucullz19GTU6NZo/Fcncbt4bO3kvLqQRwxjLOx4FcS8c6zNrl29zHFtQDyoEHUrnqfcnmnB4g1/wAUWkdhf3DPDaDAcnAlYZ5P+LAGATUPqcwsIY7iJEmfzVVQSCpPX7nitnqPqi1yWGCpf/ROj0LwXOT5Ov6Lpj2Gj2NnKzM8NuiOSc/NtGf3p+OPA4z96i/DPib/AMSaYbl0SO5t5GguFQ5XevdfYjBqYBAGa9VpZKWGDj1R53NFxyS3GrR5FAZMGjtKcYHWhHJHStSXBmbPKoI70eN9hNAVfm5BzW0qEfMKurFNm3xDEYrZpiDk0vXnBzmmoTJ0wxnbPB/asGZ89R+lBYkcioC38RXupa9LpmmW0L21myi5mdj1PVUxwSPehnmjBpPtlwxzzJuPgshc44NYEjVgg7eM1vDDJK2FQn3pq5EyVLg0Yt61mHJPXNSlpoUspBKkj0IqSi8NuvWEj7UUeRe1leRGJxjvRfJ4yc/pViGgMOiN+lbDQJmHzJkfSm0U4P6K6sWVrY27dFBJqyLo5jTaYc49qBLZLHyI8H6UyKK9t+SDEMo4KkV6pgwgnJBr1MJ7Z0i+srlmZ9pAJ5ytRMsDRtjBJ+ldWS8tpI/Jlt4ynTBFETQND1gmFrZYWYYDJwa+P4/UnjVTR9tzenqfMXyckSKR2wqEn2pyKyugpfyWwBzxXV7XwjoGlJulZZWC4IIGT/rWJLGCOZWsoI1QjBQKOabD1WM+kJj6Zt7ZyxAxIXaQT61I29mxUOehroM3h/TWUk2aqzc9MVrbaDbqyRNEmOgq5eor6LjoqfLKnLpslvbpOp3ZHPtSiyc4cc10tdKeZ/gvIyXO0KF61tqP4frBGI7+2aAkEjIwcUMfUI2lLyHLRNK0znkTgY2mm4Lh16GnpfB9/btIyjfGp+Vh3FL/AMPnhAEsLIfcU9arG+2K/GyeA6XBfqaaS4Cjpmko7Vx82D+lHWKQr8qEj2qpZoNWmHHBkrkZhkRnzwD6UvqbsuERfzD81CdZY13lGX3NeWbcMPyfeqU0/ki3jkvBVdZR0lA2kZ5NQps55yxRSRnrV2ubQXEhJUHPao67sJoFxb4U46CtcMyMuTA1yVqLTZ43AYHg5ol8shhKuvH0pifTtSmZC7sPpQha3iyNFcMWVQetO9xMze3L6K1dRbXOc89OKRkUHiprUIsuFjG49Dioi6hkiJVlIpsZGecaFGQgcevpWu0+9HwT1rSQkcU1S+hLjYAvgZ5rHm/Ws8Ywc1j5PemxkA1R6OTPFamR85BrZcgcVhwWX70ZVAXDMOTUR4j0K01zSZ9PvASrrlWH5lYcqw9CDzUyykigTLgZPSqlFSVMVdOzhegavrXhtzNaStFcK3lzo65BZeoZemRXStH/ABXspoQNbsJreXODJCN8Z98dR+9UTxTqWmXni28lSDyPKk+HmdWyJnH9Z9CM7fXjmto/gplENvc7jISqoehNecw5MujyShGXx8GtYlkipUdosvEeh6iqyWWs2cqscAeaFY//ABbB/apYRNtMhKhR6nFcCm8LQjItFliB6+W+B+nSlv4NKimIX0mD2Kp/pXQj644qpR5M/wCJfNnctW8X+GdDiZr7VYZJBnEEDCSQn0wOF+pIFc18R/iRrWvSSafYRGwsGzna53uP+Zhj9BUDZaDAoCsHkIIPzsSM/TpR9Ua00hUEgE88v5Y84AHdj7Csmo9Uz6jjhIbj0qX8itjDFZ2rXN06QQ5GSygu+egHrUPq2sQ394NMsJGe3h/nSsQcHGMDpzQrvVb3WHe8ukUWtkh8tFzgtkc/2pGzUW2my6hvP/mGIUuw6evOKwvM3Gjfi0rT3TBWKSPbXeoufmK+Uo6469q9LA9tpltbsCXndpdu7seB1z2H705PaxRJp+hL8srjcwz1kYgYz7c9qfjt0ufEESpGDa2iglhkACMZ4x64A+tZ3K2dCOPgSntIm1+ysmjJSz2KwYgjC8vxjp1rTTbue1j1PVZCzxG4Q4I5dmbJA98ZpyykKQalrEkgG2ORUY9Sz/KO/YZPTvSF+DBoGnwMvz3MzXOFOSckBT/+J/WjU3YEsW62Wy3tbDVJHceWoYF9p4Bx16/74pO70DRvMczQxxhGyxYADjtzxUfLA9tqdv8ADu6W0UCxyMpOXcgbgO5y2ajLrxKkqzWb20twkRPlrJyrP33HPTPargrfBnnDZwPar4msFsbiPT5lR94RMHJf32joPQ1VJGurnYHn3+QCyKeAe5HHf3Nb3+ppZ6fDBb2o3t+bA/Mw/qJ/yqPsdXn093lkTez5BOexHStcIV2ZXkSdM6R4G1fSdD1y3mlunittZtnLjdlY5lYYyOv+L9a7FbmC7jWWyuI5426PGwZT96+abLVVutKup/I8uezmS5gOcbeQDgn+3I5FWvRbrWtNt4ta8Pak9ulyokWJWJGB2Prg5HPpXX0nqn4a2ONr/wCHJ1np/wCXU4Omdzj04scNL+1HbTo0X5myfpXN9I/Ga+tFEPiLQm44MsIIJP0xj9xU/B+LPg27B8++a2I7SJn/APzmvQYvVNLm/wBq/k4ubQ5ocVZPTRLGCQOlKSlieajZPxD8EsPk11GJ6AQyc/8A41CXX4q+FIXCo9xNjrtjx/fFP/N00eXNGX8TUPjaWgswGRWqE596pMv4pi4iY6Ro65HG64k4z9Bj+9VrUfFHiPVhJBeaiY4n/wCHAuxD9QOf3rLm9Z02NfHljcXpOfI7lwi1+MvGkNhDJp2mzRy3TZVnU8Re+e5/2anfAnh97DRolMDrNOPOl3dcnnH+/vzVO/DPwfda1rAvzaq9naE72kUkb8fKB6kda+j9D8KRDJmlySBn0rL6fky6vI9Rm4XhGjU444Maw4//AGyp2ukM3/CJ+tS1rorIwwh9uOKv9t4Zso16ipBLGxgUBgOBivQLJfNHM/Gvmyq6dp8jAfyj69Kslpom9A0mOfUUyLmzgXMaKDnrmhya4i91q9zfQftwhwwh0GBeTj9KBLp1pGfmUH6CkLjxHjIEo/Wou48QFif5n71cVO+wHKI/fWlqmfL65zUJdQR7h8q89KBPrTucg5+tJTX7y4JGMVoimZ3JMa8iIf8ADFeqKa6mBxvNeo+QLR2eC4YuAOcmpmztryc7o4n+Xv0qGhNo2Mu0YX071P6VrMUOIY97Z/qY5r4Fn1Uor4o/QWPTRbtsYe1uEYLICCfU0ytt5TIY7xJCeSoBG325oN9PFcMGF2B7AHNb2HkM2JmIHr7UMNS9t9FT0/zosWlQSPma8huJIo+SiITuP17VeP8AwtpGp2EMltp72ytz87ENj6EVUbDxdYaRBHa2Vo0zM3zs79PYVfbHUxcwRtM7I23JTcDzjpxWDPqpqXDNOPBHbyhXS/CmnWMolkd3dGDKWOOal9e0eLxHbLDbyKs0I+VmzjFaQvPcqcRvEw4GQCDTlnFdWsokklG3uDxQxzzb3WBkxKqSIK1/Cm8mIaXWIIk4yPLJOKtWl/h7oVko+MjS+wuMTRqRWLDxLaXtxLYxpJHLCTkupAbHcGjTayIGMct9ChI6FgDitD1EpdsyrA07Kx4z/D3TrpPM0a0t7dwhwgQYJ9Kpj+ANfsdMfUzYxyiCPZJbqMM2OrA1161kguNzR3McrDrtcNj9KdgtkWExOcgknp60cM010y2q7OJWHgh9eSI29uwikUebE3ytkg+tN+Ifwi0S302O8imltrgAKYtuS7E8dK7CtnbQkzIgBA6gCvXNlBfxkFFLgfKWHQ+9GtRlTtSAqP8Asj5puvw61fTFeW82hM/K+eCKrWraRLDMSCGGeo5r6N8W+DtXvIC9pqYwVIljKfKQR/SPWqrbfhbaQWzia5lcsm3btGQa1YfUpQdzZJaZZP8AE4YbdkGXUVBao4huCxGFbggV1/xP4JbSp4hcMDbznYrqMFG7ZHpVQ1XwRcWhkuJZUZMEg/SulpvU8cn8hGbRSUaOcW8UMc0rtFuLcg0KTRfjpDI7hV9xU9c2SByQMEelJsxj6MfpXax6hZOYnHyabavkVa/0gW0pRQWHYgVFTxOjfkP6VcLuVSpzyaibpBNGRs57GtMZmLJjiuKK3IpPVSKHxjPNO3cRVsGo58hSKfGTMsont4HU17zQR/1pGafYetA+N28E/tWmIicqH7u8W0tpLkxvII1LFY13Mcc4A7mk7DV7PXNOS/sXLRSZHIwykdQQeQR6Vqt9n+nrVAuNVu/AHiOYm2eTQ9Tfzdqf8OU8uR75ycdx9KVmyrD8pdCY1I5/480+PSfE+p28c0gRpvPIDnGZBu59+aBp+qMLyzSCKTzEKruyCC2evJqa/F2fRtc1bTdQ0u/jWBrdknkMbBtynhWGByAeDzxXP2u4bOUxQXAuIc/4cYH0ri6hRyTuPR0MGf24qLVHT/4vqU05a2mVNu0YZztGB6ela6hrlytzF8NiWVGGFiBK57+57/pVH0y/VrjzdOkhMkoKtHMSAMjqOf8AWp6HWjp8E8d1dRxTRPt2AlSw/uR7cVz5YJR8m/FkxZO0SWrahfXUY37XuCdohjyRGfbvu5pG6jubeBLVZ2ub+fEchLFiP+UfpTsF7arbQzWyEzyZAlJ6euP9aZWKPTWMsGJ79yMMhJC5H9J7nOOcUhqaNsMePuKIq4tDEbfQLVzvyBJsPVupJxjFOiCK/wBVt9PSPba2alpWI4CrycnPc8VsIjpayGNjLqd0PLIDZCr/AJsa9cQeTbJo1pIrXc5HnsvTI7D2HXNApvpDXC42BtNstzea0YtkcCkIzE5Z24AGRwe9At5GtNJlvJmxJdloY8AZK5+Zsgey01MiAW+hR3MaQwFpLh+gdv8AfSgT6xpr3qzShXgt1EdvGsnBb0IwQetEotgTlHGqPXNnjT7TQYZCTNIZp8/0Ljv9Of1r1wdP+JjuRNF/JHk2iMVAUDq7dai9T1q+tbxkkeKVrr55FVjlU7Ln9fpmoTV7+Ge4e7vEihULthgQdF9P+taoYW+DHPURgml4LFJcXV3cSXNpqPmxxq8W8bQO2SM8jPIzVT1bXbaFBaWES+bEx/mLwoB7Ae3rUbfa9cXMXwsAEEGeUQbd3u2Op+tR4JPNdGGNRRyM2oc268jIuJpXMssjOxPUnNTGmahqlqjpp62TgnLEyjcf1Io/g9tPuLhINbhmmtQTu8kAyDjjGSB196N4k0JNDjhu1uFmhuuVhkgIKexOOPqDS3OO/Z5EpN8sZt73xA0kM9zp6FIny7R/MdhGDwDU5pd9/D5Lm3uI3ggufOurHA3JOoccAj0G4/bmqZY3NkefJuo2HRrWUt+qnmpu2k/idqkEWrv59hG8lqemFAORg989cVUo1wzRinXBYm1PT0+WcFY2H5lX5SfQ+/1rcWml3O4hYyDzk8H9O1AjjGv6U+uwTQpseKKaJG2uHZSTxj8pKHqO47Go6SJ4z8nccbOAf/iTj9CKyqbj8WbHo4ZFuiyRGnaUDhfJIJ6FQa9OljZoXYxpGOvQc1CG1jRhJIxidueHaMn7NwftWZWeNfLlkndGxkPEkwP6EUW+xUtPXDZLxSWHlukLKWc7gPU+lInUvL3h9MlBUZyIy2PrjNL2mnNq0rWVnDYM4TcUkj8lsDtycZ+9OfBWmlmGe0ae0vFjId1nBQse689D6GmwtgvHCjo/4PeJdSj1SPQxqEF1p88LziKMfNC3rnqOnIr6E0u+2rgDPc1xT8NfB82ip/4j1Xet9cx+UsRXb5cfHUdmOP0ro9vqXl9yB7V7T0rTzx6dLJ92jyWvz4veex8F+GpAoBx0pS5u5GUtvI+9VpNdQDBc1pLryHIDcY9a68YpHPlmj9kxLeP03n9aRluGPVz+tQ8+txnIDDP1pRtV3dDn70xJIzTnfBKSPubJ6UMgA9aimv8AcOHOfasfGtn8xpiQm+SScoDkUIso70m1wxHWtfiSTyn703hBLl8hm2k5Jr1KNcHP5P3r1XvQVI7Tb3ETdTj60wl4Qf5bkc9qqb6pNbsU8sg9zTVhrBlbE/HPWvhP49q6PukdQ0+C1rqkqDCqGPqaZtdXm3fzEBHtVfiv7VzjzQOe9SEW1gCpyDzSZ4YpfJGhZm/JZo9fdFCw28eR0YqOtTWj+NL+3lAmQSAnscVSVLjrjrTlqXDqQf0rHlwY2rNGPNNM6xpn4iTpds9xATBgADOTTeteN/jI8WkZUKcnI7VzRfP27hORWfiLhgUaQkVk9lJ8Glv7LXJ+Lc2nGOK4sykeOZE5xUVd+OrfWb8Xj+Io41P8sIV6DrUJJbLIfmTd7VoNMs5HDyWqlhwCRTIwigH+jquga1bPsjj1C3DADBjyDV3XXrqSLJdXUDBK8VwWztY4CShZM/4amLPU7i1jaFLmUow5GetWou+GKmoo6rNr4jkUSXLxbumDRrXVcMTHfEknJ5JzXJn1MyPmRyccZJp+w1doD/JuGHc4NNWNsRwdebWQyeTIwLkd+Kh7u6dGJt5STnnNVC316R2/mFm96Qv/AMQ/D2nXRtLy9fzB+YRxlgp9CR3pkNIpvhi3nlBcIm9VjN0Q08fmc9CM/wB6gtQs1e2lhdAyMDwRU9aajaajbpc2kyyxSLlWU5yKXvhGgBZgM+tNjpYx7YH5M34OO+KtJjtXWWJVCEcgCqfLajec9M11HxeYJpNixZTuwH7VQNSiWGb+X+UjI9q7OjyNLaZdRG1ZA3Ono5BU49aSlsUjUkEE1My/OPvUfMhrrY5NnMyxVFa1G0L52J+1QN/A8QZCMVc5IwDnFQ1+sJ3B1yM+lbISZzckSjXCy5JwQBSLlxnrmrdPpcM+RCW+mKiLrRp434jJHrWmE+THPHZDRs4PNRHjeHSpvD01xqiS5tyDbuig7JG4GfRT0J/zAqyyWckeA0RH2qO8R6P/ABTQbqzVNzhfNQZ/qXn9cDAx3IpmVLJhkmKxwrJFs4f4hntHjsX+Ge4EEh8wbflIIAx06kgfrQU0/X9RbFtaWumRyI7q7Q7d6r1Occ/60xrNjPZ6W1zcfEGLzlCSRgqpO79yBnr3FWG78aWFlplvaxxajeXcVukaee4PlqqbeFAzjIH5jzgEdq8w5SjBbFZ0p44yfLOZataNpsyJHk7/AJvMHBJ+1Yg8R3jOov8A/wAwqjCk/mAqS1fzJg/xcEjTMx52/LknPBz29KjVtrYDAtyT6l62Rpx+Rn+cJfEk49bWeEQQajcRCPlFbAwT7ipeyv8AUNRkhht3JlSPaJI8yFtowAAOnuaqws5XBWC3HrgDdW8Gla3DL5tnb3MMg/qSNlOP2pUoY35GLUZo8UWy4v3W5jmW6ezmJCjzSSAo4JCrzwQeKWvtbkiuC1j/ADZycSTYwn/xHUfeoKeLxXdFfNe7lKLtTzGJIHoM0F/47OqwtqWeRtQzDr09apYcXYf5U14ZN3l5eXUyvYobWMnLncWLH7+3Fb3OqaayG5vJ45JViBgjRAVicNnpnvj0NV1tKvWZUuryLcwG0GUk859AT2pyDwtdSMwM8QZV3bCSGwOpweavbjiC805PoWutZuZdwtlWPdkFz+Yr6eg+1I/BeY3mS3inPU5yasVn4XSYhJLoIHYKjNEMOx6Bfm55qUPhSysUE93eCO1P/G24wcE4xjPYVbz448RFbZT7KaunWnVp3Y+wrdrLTo13N5rY5IGat8Hh63luzbQAOuwOjtPt8zIyAo2c8YPWstYaKWigto/MugreZbzPhmbBwFweOezYNU9RSsH2kivaZNFFi50yNvMiYYDj5WHvmpfWtR1nxDpUenXwsoFgfKL5SqwHP9Q5I571rq2nwadq1xZ2O0RJMNmSWGCAevXvXTrPwJpF3pFrbJ8a+uyQLdPawSo7eQY/MDlSAE4OQGcZUBurAUjJmxwayVyzZjxRa5OD3Gm31gwk5bHO+M9KPZazc286TTqHKnh8Ycffv6c5rq91+FGuX1ml1pkTzRTR+YgMZB4GcHbuUHBBALDOfpVGvPA2uLNLbLYNJNCWWSJPndGHVSFzgjB4rRHU4svCfJmyYnjdxJHw/qDnUIte0b4Y3dugItmX5WkDZXj03Y47jIPBq03sdlJDYs+lS21xOz3EsiRFES2JHyBT0dDu4J5GORXNtO03WNMvku7CRoriBsqY3wysKsllr2tWomN5DNFNPkSXKMyEqfzBgpwQcc9quWOMlZow6iS6JmfQ3YTwaXdRzPv3WRjdVW8i5yUYn5WxtJVucHml5rHQYprqTD3UEyqIhNEYLmLIDB8gYI5IPrnNPW3jG/j0o6VBa6XqFt5brBHOwXymbPKlVB7njOOapGq3XiR5XuLuLyFZVGYh8uMADnn0oVjrsZPK0t9WWa+1m2S2aO6haRAiLbPsUuoUr+ZiOgG4evSrn+HfgV7h4vFWvW4wpEljbOv5fSRx6+g+9VDwxHoejXNldeI7F7+JN0gi3HO/AAZkPDAE/lyCQCc13rwPrcHjHSZdSk05bZopjCVDZDYAO4emc9O1dv0bBhlmTyPleDger6rM4OGPhGskrr3FCF1Mq53sfvU9cadBggR/tUVPaBScDH2r2u3g8exCTUJh1LfrQzqEhGOf1ok1oWPBA+1Ba1deAd30FVtFNWEW5LH5jW6yjPWkJUePqCKGJ8HvQ9BRVEwrE8g0ZScdahxdYHBIoL3cnXzSKjlRdeSwtMuOHBrQ3Cjqarnxkv8AjavLczH/AIhqlOwlyWAzgnhh+leqFEsh/wCIf1r1TcyzqxuIL6L4mzuoriJiQJI3DKSOvI9DwaWMssRwrHNfNGga94i0aVLrR9TntvIbzQFkIjLcZynRvTp0rofhT8bZUkisfGFpDLveNDeIQpVedzMF/Mfy8ADjNfOZaCWFcco+oYfUsedpT+Mv+jqJvbknJbpT1p4h1C1HyucduaHBd6JqtvHd6bPDcQyrujkicEEf368etbvbwFcKlYZPG/jKJ0UpdxkNxeL9UByZgR6YFSEHjW7AG7GR3BxVbKQgYVSDWFMf9RxVPDhkqcQlmyRf+Rdbbx1OzgOoI781OWXjGzuDtYeWe2T1rmYaFD8r5+lN2lzCGw4wPrWTJocVPbE1Y9XO6bs63b6zAcbWU56YNSEd/G+MqPvXMrPUo127H/L71Kway8nCPnFcnJo5eDqYtVF9nQ47hSOg5piMo3zbhiqXZ6yzLh8hvY1Ix6sq8ZYCsTwzg+DV7uNrosUgHTtQZLyKyRpZBhVGSSahJtVl2FoX59KiL7VpJ2ME5KqeCc9aZixzlLlick4volX8a6gsks0EmyBNwQIOpI43H/SqxHOs9yHupHbzGzIxPJz3rWRYox5KTbg/5sdKOsNikQ+fLHua7OLZi4ijBJyfbOjeHtaji0mK3tlWJUJ6VE6xrM95eZW4JSPKrVdttRWzd4g/yEDGD7UKbUlIJRuaTDHLc2i9ySJa71NgVEgGB1Hb61WdSuUkuG2nIzRZNQLghyOetQ1zKN5CnIzXQ00GnTM2fImgjyIT1/egSuppaWYr0rQSb/zV18cGjlZJIFPGxJPqaRmtlP5lzmpUjcKBJFmtUXRjyRvkiVtY0b5UAP0oM0AOcjP2p+5AijaViAqjLEnAA9aX0+a11eDz7C9gnjBwXikVwD6cGmqUTM0RctpGy4Kkc9qS/h0CMG2dDkDtVqk0pVUnzt30FQ12FRigPSnJ30Jao4d+LXhxrB2gtZLSeO6ZpYbVpwJIpXB3Nsz+TgkHHt6Z5Z4e0/UIpjNHDulmDQqh64zjd+oI+xruWv8Age2tjrPi3xM095B5oeO0sMK5QkImWIzkEg8cde3FUHwhDptvDe6pPJLBb2V4HTzQS4jBGEbA5PIUe5OO9cbVqWnubXb6NOGptNkbotnFJrpsr0QkoJUJK703BTz9B1qR08RPfJptzbRLbqWdZkuA0swIPIVSGA9gDTPjmwurPwzda5pVpYW2J1JlgQiaEOq4XzCx3EjPXGdrYrlkWqakt0PPmdmdgTI4O8577up69aw471UXJOg8s1jltaOmw2erW0DDUIn+EjOWwvnmRThgoIO4YJYZI6VFXl/Zrkap5Vim0hIncPvAACllK5HQHnnk1XL2LVIopYZbiSQFQdokLKy5P+gqsSEsuPem49PvfLESz10jo8k1rNZKLS5tLQ7iwRpo3glGABg7twGAeCO/NI6vcaRFOZzqNsEj3bTCqMWOB8u3OPXng1UtLl0pbsvrNtPLBt4SBlU5+rA1b5PF3hWezntBoh2LBi3aaKIbHwwyNiepU89xWmGjTfYqWovwISeIdJvZ1mhvZIXh6I8Sqj+vKqc9AOlNzeItDknjuLnUppWhVPLVlkaNHH9WAFJP1NUa4LCRnACbmJwrdB6VPz6f4a+Ehu7PWI0kdAJbeZWPlvg5IYA+lRaaLVLpA+7fI6/jSOBpPhLea4aXbunBEZXBBCoBkqOPU01a+NdPsyXjOpHzMF0fY/PpljkD6VWobmwWWFmmH5MSfyycH196FLLbC1miG0uz7kO3BxQPTx+i1kf2WOfxvp8MbjTtJkiZm3BjIBuP/NwTj1AIzS+ha/etLLJLa28isjMVSMR7VHJ5XacdutVq4lNw28gZ2gHAx0FWHQQbSxnvXiUqkG19zYwGOMjkc5479eaqeOMY9dlqTfZavDtrb+Kb34qXSbiaSeUptW7SBScdtwYn681aP/1Q0bTtWj0648Nww/w//wAnK15M0t4kajbt3rsDBV42HKnBHAxirfhx4nOnmO2Fo7xW0rXDkXJjGMdcqD79s+lV/wASeIrDxFreoatLbRQG9uWmYHJOSxJySevJrJj07nmlGS4XRoWZKCo65B4z8HLbNbaNqsVnHNMslzNfWDSStEBj4fCZDR4xjcwIwMFakdOv9G8TKkOltHeQm7gMrOBbNJEOHQxqfkYKxKttdSMJkYAr5zka3jO22LI4zyr5GP8AZFCN/ddp3JOOSeT1pn9PjDmLFvUc8o7lqOi+K5NWnvyz2uk7yscHxCXDqQ5yyx3GWMYAOOCT7nNXCTwR4V1b4iGDT5oWsHgee7EbxebHKisECAiMS/MMKg29CxAyRyHT7e8uNAtJk1uS21C2/nQySGSQFAN21FVWwRjvgDBORzmRh/FHxo+m2kKX8V1PbMFgu5LCL+TlWAZCoxnargkg8Zx3NI9rLkjcHx0MjOMWW3xN+E+mwEnS76UzyNGbWzmiDTTKWCEtgjYVdkUj5h8wOa5z458J6loIW1vJ43iWZU/ky7lBYE4+vysCOcEEHmug6F4wijiitdX0GXU0dormVNPcoEuQoILQFAc8Anb8nyDjhcJfirYajPpkV/daXLayatdrMjTy72JC4Ic8BDy2Vx3yDnOdWDBq8f8AmntXbI9Xjn/bT5JX8K/EGka4kHgXUPD8VzBAjXb3ExDM0hK5IBHHYcHtzXW9F8IaH4bmu5NItFt/jGDSKrHbkZ6Anjr2wKq34U6I9n4SsnmsrfzkaQebCyvkbz/UBzXQRFO6ZZfevoPo+CLwLJLnymeO9Q1X9+UI9AZIQ3Wl5rKM9VGfpTxglbgRmirYysPmUgfSutdHMlzyV+TT488Jn7Vo+mAdIf2qzJYxJ+cbjRYobdmw0WKHcRQs57qGkXcr4jgYY70i+g3USF3RuB6V1YW9mBjaKBPYWsw2tGCKW5INYGchls504KHmgfA3cnypGc/TNdZbw7pzsCIsAdsnmnLXRrKFT5Nom4+1BKSK/HbZx+PRtQPIgcj121K2HhHW7uRfLtflbua6omkvKcLbqPtUhbaJdquRsUUqWRRZpx6CTOap+HmsY/8A+SvV1uOwYIAbvB9zXqH34fZo/AR8KwW146gpGzey8kf6UeK1mF0lpPGYWcgZbgAHHNP6cklqj3strJNbopd2jG0qO2fb2oj6bcXUU2oTrD5ZjIwBgqDnG0/UCvPvk6ithNA8S6j4S1kXuk3hRI5MSRlz5c6A/lYDr7H1r6hsJYdV0+21C2H8q6hSZQeoDAHB9xmvkaKC6s5Yze2ssMZID7l/pP8A3FfVP4caro2qeEdMtdJ1ZL2WztIopo9382MhccqcHGcgHpXE9UxtKM4Lk9H6Hlvdjmx2fTmyWU49qTksp1PCEj2qyvBu5xmhvbORkREfauRHUs7ctOp8lZKspwVwayGYd6nZLJGOJUBpeSwi6iPinLPFq2L/ABpR6EI7iRDlGxT9pqFysv5uD1rAsIj/AEVsloUOUjNVOeOS4LjHJEmYdSkwOKZj1WUMOv61AkTIOAw9hWyTuv5gQfesjwKS4RoWeS4ZbYtRLLndyOxrWSdZz88YYVW01Fl/oppNVYAbVpH47j0OWdMlJI48/INtRlxdmJygBbB61q+r4RsMM4qJmvGYljIa0YMTvkVkzJK0Snx7/wBTVkagRxn9qhDOW/4prwm4/Oa2x078Iyy1H7JqTUVI+Y80s11GTgkZqOeVWGM5r24DmtMMTXYieotUPGRX6Y++a2RQTkUnE4ajqSvQVqUWZm7HI3jU/M2K2me1b/CPvSRk9qVndvMLAjbt6e9MjGxU5BtUktUgMKgOZARyAR78fTNcW8PajL4K/Eu/8Nsoj0/VWEsOBhY3bJUj0ySyYHoPSusTSAglhxXGPxTijk8S2mp2mqpDJZYhuC8bKYCSWjbIGSrEMuc4zig1cfbh7i7jyZm7OzxXLsMGRj7mgXEUbtyM1XvB3ie11iwitbq7j/iKrnAPyzpkjen7ZHbNWUg56Vu0045YKcemJm3HsAYkjHAr53tPCMviP8QNT8MnXVtoILqa+AEXmeZIXA4HHHQHJGPQ5r6QCbjg1T/Dv4ZWWjeLdS8VSX09xJd58pXbPlhjucE455HHoKLPp/fnDi0uwI5dsX9lG/EH8Ntbh0q+u9L1+Se3iVbqaO4ALSlACwCqu0fN0AHTOa5TdaPs0fW08pLc20McjxTIyzY81QVIAABBYN3UqwxyAR9fz6YbpGTyiyMMGvn38ZPw+tNA1G1sNHgnQ31v5jK77lGJDjnrwNwHsPasmr0cNJH3IqkDjnLK6XLOb+HrtdatTpxs1UW67pZASSykBef1H6VW5LQJL5bE437c+g+tdA0Pw63h2GYpcSG4mjCPggDAOcfqKSuvDdjIrSG2YOT/AEzY/uK4OL1HDHJLb0bFp5yiVaax0hU+It7qGRWkMfk75A6D/Fkrjbwec9O1Gv8ATNIWCeWwvifJl8kIZVcynd+ZcAHaQCf0qeTwjZYEiwzHI6ecOR+ntWzeGLJSG+Aft1nI9fQe9aX6niF/iyOftay7toQnJ59qdt9ItZLYvPqcdvICcRvGzZAGeoBHPI/Srv8A+HbHHGm59zO2f7Vn/wAOWQ5/hceO58xz/l7UP9UwrotaR+WUqKytDGA9/wDmIBURcgZ65zREs9PW4jje6lER/MwTkdT8o3c9utXMeHrJMN8FbL9SxrDaTbqMi0tOOh2/9ar+q4/ov8P9lGubezguGSzklki/paRQrY+gJ/vV1XQYrrwXZX6xKplu2hkfYcgJGCMHBHJfHPcDoM1qbGRCXitol2jO5Ic4/Wp7wZcafDdG11y1FxaXBCOuSMZI545GOvfkUrNr1JKSXQ2Gl8NlDvtDvLZ9ttbPcmRkZyFBVMHG3GAc9O3pW/8AC1kaG3g00iVnVmVkI3NuOADu9D14xXdrr8NvDd3cvLpq3r2edsdxHIGJ74ZWcnPHaoa8/DuwUkQy6iCMjPleYuf/AIj05rOv+RaZvbLh/wADP6c/DOLX9h8NcR+RayRxEhkeaMIXUdT83/KQcZPBFMalo038YFuFZDOEdUbJYI3fOBn7Cuoz/hnKVBN6SGAK+dZMAR6571GT6HLbXf8AENU1A6gYYhBEwJIUDoozwAB6U/8Aq+nyQftytiXosifKBzQQXGlpbwTXfxCtJtghj3iSNUyFYdyW2gY4+Zvarj+G/wCGgm1P+Nato7RLDkvBcW4jiZ2XICLzwNx5wMHoOM1TLLUW0LW7DUbo/wAiCWNzGuN5Cnd0PHcda7xo/wCJHhHWLL4mHUvLYcmB0Pm/ZRnP1BIrtf8AGsemzV78qr/s43rc82GO3DG0/P0WWztFXkKN3dscn71z/wDHXS9Xm0G0vdPt5pobW5E1ysZP5QOCQD0BIPQ84qaufxZ8O6e22DTdQuGBzhykfH6k1XtW/GXVL+1n0+HSNLS3mBAFwnnFVIHUN8rHjuPtXudbHFqMEsTfao8tpM09PnWV+DoH4fW91d+FrWabTLqzYBQsc3B27Rg47A9ulWWWFLCI3F9LHbwjkySuFUY9zXBJvxM8cXdmbNdeZLdQq7YESPGBxjaARUDf6prGrLHDf6leXYU/Ks07SAH1G4nH2pWi26TBHDHwqLzN580svVs7zqH4ieB9MVnfxJaysvRbfMpP/wDXgfcio21/GrwPcMY5bq8t1BwJHtSVz/8AHJ/auGm1focDHqRWrWuRg9M9qa9Q7I1SPoFvxL8AKrFfFEMpUD5Ut5cnPYZWtrT8Rfw9uQGPimOAsM7JreVW/ZTXz40aJ+Ygn6UK6ubaztZJnjUhBmglqdkXJ9IkIyk9sezsurfjd4Xtr6aw0Wwv9SkiGRLhY4z6Z6nH2oN7+PCR2KnTPC229fcJDc3JaNeeMYAJ4x6Vw3QXZxPdhXaS4mxjknjkAD7mpBt5kZpC249c1z9PqcmeHuT6fX6Rq1KeGeyK6PpTwb+K/gXWdGN34hu7fRry3AE8c0gKucctH3YZ7YJFGb8bfwjil2f+IJCoBw4sZsHGOPy5zz+xr5bk2p+YnHsKC0w/JFGAOuQMUxzT/wAmFjzyXCSPpe8/+oXwJHFv0yx1O6lywUeWkSnA4OSxIGfaqJ4i/wDqL8W3rMNGW20mItkcCeU8d2Ybf0UVxx5HDZwcUNmDnJJzS20xjz5GuHRcrr8W/Hd1MZZfF+qKcAYju2jUY9FXA/avVSNrHqB+leq6iBvyf+TL7J5l9CwsjKkcZV0jXoclmHHYc1H+IfEQ8oadPGQqtmTDcZwfTrUTrXjCS3uZEsdhiyRtH29Kp19qz3caK74GTzxj6V5fPq7W2B3G0uCzQ6nFqE7208z/AA5UkEctnGBVgtWuPDF1BqWi6tJBcLhkcNtZc47dDye/H3qh6WyW00byuN5fEaKc5PXsa6JGbXVlt4p4ndoonDdME5XBbb2HtVaPNLNcMnJSuLuPaOy//rdcz6bBPa6Vp8EzopdrqYk5xzwAoHJPrWIvxi14yK0+laVPDn5hE7Kfs2T/AGrg2rgWrxJbxokbD8qkkKfQZ6cEcUta6pf2knmWVzJbt3KN1rb/AE/Sy/0Rsl6rqlLmR9Tx/ih4WubH4qWxvoZxx8MEDHp1DZC7f0PtUXcfitCkxaLwlK0IbAaS7CMR9Nhwfua+c5tX1G4DPc3U0hY7s+YRzWjtcy/NPNMG/wCaQtx+tK/pWlS4iNXrmqaqz6asfxN8M3ziK6tbqxyxG9lEiYz1ypz69quNh/D9SV306+t7mNduHhlDhiVzjjoa+PLbWNY0+FILa/fykOVUgMP3qc0Hx7c6bcyzyST28zr/AOtaNsYkjBz0yCKz5fR8cleJ0zTg9emuMis+pNVutC0O0a91jUbe0jUZw7fO3/tUct9hVGufxj8IwzGOLSNRnUHBkwiA89QCc/rXJIb211pmkiumeQgM5cku2e5JOa2ksSqby+ce1Mw+jwivm7AzeuZJu4Kkd1tPGXga/wBKXVTrVvaq7bTDMf5qt6FRknjuOKkdOm0vV7ZbrSdRhuoW/qjcHHsR1B9jXzc8QHamNJ1HUNFvo9Q064khmiIKlWIB9iO4PTBoc/pC2t42Mw+tW0pxPo19OU5ABz7CkJtJlGSuc+lTOkXsGt6PZ6zbY2XUKyYByFJHI+xyPqDW7xE1wFKWOTi+0egcFNKS8lXOnXYOMV7+H3Y7VZPJXPHWtxBk/wDSnx1Lj0J9hFYS0uQeUJ+1Ha3mI/8ATNWZLVTjKA/atbttHsSpvr+0ttw482VVz9jWnHqpS6QqenxrlsrsdrOD/wCmaMIJidojah6p+IfgzSJPIGom8fGQtrHvGfTdwv71W738YZZHZdL0OJUXOGuZSSR9FAA/U10MMc2XuFGDLk0+J05loNuycMCDS8sLehqnXH4qeJJ4ykcFlBkYykZY/wD5HH7VFnxt4pZy/wDF5VJOflVAPToBit2PBPyjnZNXjfRe5LWTbnYTz2Ga5N+NOn3ljbRazZRSZnX4K6G0bXi3B1Bz0O5Tg+5qzW/jnxZGCDqzSA9pI1b+4qt/iX441k+E7tLxIrkXG2HZ5AC4J5Zio4xgYPrQ6rSZJ4JddCsepxOaVnPluhdG01PS7kRSTuAEQlWiK4VeePmI9CP3q56N+KvjHSovhtRso9QH9DzqI3KhsEZXGTXONE8S2NlafCQ29u8ok8x8yYBUgZHPPbjFWdL3QZrY3seoIGaASGHzCXRupXgeqD968dDJqNBJvHZ1ZY4z7Lyn48aVBP8AD6l4emhYNtLRXAOffa4GP1NSr/jn4XigDW2lXlxIRkq0scSg/X5v7VykTi509BIUFuWJVsbsZHXnmn9M8Pz6xFcT6bHaNFakebJvUBB0yeen1x96a/X9bjjXQt6THN8otd9+M/ijVFNtoun2+nhztWTYZZFz6M2Fz9RVP1CXW7u+87XriR5pFDDzmMkpHb3Hf0qRZNHhV9Kj8RQRXMIDuwAUN0+XOTjGT37cgVVfEHiG1sZWTQQTCsYkkmlClnPcr685rmZ9brPUJ7ZtuzVj0+PHzFB72ZNJsDeXIGX+WOANgyHHfvioZ/FNk0IjWySW5xiVFAAX9qjLnVdQ1GzGqarLjAIhRfykZqOs0NvZT3kgCvKOBjmtWDRKGNb/APItyadIvzeJ/D4aD4e2MiMuJAGBKepz60O51vSF1CO1hkLLIuTJkFVOeh5qiY+B0sylWEs3yDBz1+1aTW5s7BI1MgmlTGzqaatHjRN75/RfU1LQV1F7WSciME4lXGzp65pT/wAQaSt3Pa3LARRn5Zt3yv7feqbdolvaQ24WQM5AwQOTWLyAjyLfOOgNF+HjTspyb4LjZ+KNOhnfzrCNIVyySOd2QOgx70mfFVp8TOdRsUCPuMAhGME9Mj0qtXsJeWGAoys55yQRXryKWTUoolQAL+b585q1psSbTQC5sl7bxMIVnju4xnH8oLkhvb696fsU+OsBq9v0jwJlA5jOcA+9VX5pdS2NgKhPAwoNSmga/qOk/FWtpFG8UjAsHQEcH161eXTw2fBFJtdl50DxT4k0CKQaa0jxoOV4ZVz3x2+tM3H4patl2S0OeAv8piSf060TTrvRLy8t4LadY5L6IShYjgkjkL2TJOTj0olzDHdyXixTWKNpz5njbrgddw3dOxArky0eJu5403/BohuXCYxot7qXia3R9SvZUhuHGFZgoTk9h3wvX0NJ+IbJPK8y3ykM5Xy8LkuSeT9MZNLx+KbO1s3v4LyB7t5Bm2eMKFIU7SB2x/aoLUfEOp6rJGI/hUSxwzMW+WRsDrjn60+GmviMKI/2a39rDeRPdC7AW2cxSbicqc4789aRj0u+ixPEzIu7Awc8+uO31pK6Y6nbtqNlbyIJHZbiIP8Ay3YEYPTg8qenO7tW2h6+2k3Pw91aPc6fvCNHKcyQenPHPvWyOlnj/wAZUxDSkTFp4suLNkh1SyRzG24zIMOx9CfTip+PWNBvi0lpFCgePy2icjccjk4P36VW9S1fw7LeCBWlVZMCKYrhSTyc+vX1FDuNHhOJYpmjBPDINwb3B7/vXR0vq+q0i2vlfs5Wo9MwZelX8F0TStPtNKnnEsRuC6NEityEJO5T2z0pTYmOSaprG+s2VLbUpW3Y4ZSvJ+npTYfXN5jGsQttGcAnHv1rtY/+Rwl/qcmfokvEiwsmw/L39ea0mYKu2RsL7tioS7XXntlZ9WgRZDyFbkjrzg8UhbLPdmaCWcuisU+TPJxwQD1qT/5FFcKAMPRP/KRP3WrWduFVn3E9EA3Z/SoPxHqJvrnyESGOPIJEZ4DehPenVdorQMrFyE2xq3UnGf8AWlo7fSDazz37Ilwzp5Sq4CkdWJA9eP1Nc/P6nqNb/aaqLOhh9OxaaLnHmQ6k1vZW0dvCu8qBlh0Y+tLPc3EpJLEfStt8UyB4nDqeQR0NabMdVI+teixVCEYRfCOHkW7I3JAQ0xPLkismM4LbmB+tEVRmvE7DyDj2q22+xfAJWPQg49a3ymMhs/esui43gnB9aGSEIODg96kXyRRT4N8D1r1YE0WOVUn616nKaC2FZ86Yklzkygj5SCRj0+tKwi4V2EgBQnow/wB4rBna2nTGSoOSDTnmLOUKqAkhLc9FPpXi3wdg2iEcVzGRzk9vWupeEtQjhtHkS2QgmMbVAHGDuP8Ab7E1yrKxzReYSWDHOBV003zzax3Fq/k+j5x+4rRpJOOVEbosfiLTXhsxaWsTyKJ2mVgAThgWGfsf71VVOKlbrVtXntjDdztIDhd+APlA4HHWoo7nxuf8owOO1dyE0JckEVmDq2cgEHHapC1Yz3An8n+VAR8uMh/qewqLC4P5sj1pyzvZLNmMbZDjBB6UzcikySv7G6N3Ktlal48eaqg9BjJGfXr+lQzAliWQq3+E9altMvbx5ZzGwztJOM9O/H3p6S2S9kkmZtrsFEbADrgcfpVJhbbKwskkUiyxOyOhBBHbFWW38Xy3Mu28giWMjBKE7h9jQF0uCSQo0CPg/wBT4b6r3r114TaFWuPOcx5GCq5zxkVal9l7GWEBHjWSNtykAgj0rXapzVQW91S3uEtrdtxQYQ9M+1Mr4l1KJS01qjkZyOQTjvxTo5E+CJHcvw5/E7TtB0638Oa5btHbRyN5d1HztDNuIZepGSeRz7V07TtU03XYGuNFu4bxEIBMbg4+o6j718k2/itRhryxkjXP51yR9fWnl8Y2tnuewkuRK67QY3KZz688j2rmZ/S8OWTmuDraf1fNhjslzR9H6t4y0HSYy1zeRFh/w0cMx9h7/eqnqn4qa4J1udGsrNLQdEmIdm9yQRj6VwW8g1NoPPnu2nhzu5kJG48dDS1tc3NpJHPayskmCykEgcdf7UvH6Zhj2rJk9XzTXHB3DWfxP8UakSlrLHp0PZLdefqWbJNU+VZrqZ7iZ3keQ5aR3LMx9yeTSeh+KLDUvKt7y2eK4kcIpUbkZu/0H1qxOIrcP55VFxgliAB966WPBjxK4qjDk1GTLzN2Rgt8AYH7VlYhnpzRje2H5RdwE9P/AFFraMxSk+VIj467WBx+laoNGdg1jyO9GWPHWiRx8ZxXpbi2t3AnuI4yeQHcDNMVeRd0FihOe9RfjSKT/wAKaqIpGjb4V8MPYZ/yol94y0TTY8rKbmUHGyLnn/3dBVU1jxnqGtQSWjQRQ20ylXi2h9wPZif8qDM17UkvoFP5o5rp8z6teW266t7bBYwyPEMO2MbMjufr1pq4mbT7i5sXmiSSJyCfyqGBOR16/T9Kg3tbW3EttqN3czNbysiwxIQmPUA9vtQ01OGCe3S8huYoc4Yuwd9p4PB6/evIzx3Kj0OLPJvnotKs0FgqvN5+BuA/oAzjpR7LUNSt7OSKO5mt7af8yYwZPfHoKibjUoobSO2tFhvYIP5kUoyMLk/Kw6g/WpCVzffDie5WCK4QOsqkHggZXnv6+wrn5dP2kboZYVwLx27atP8ALujghOZOT0z0+mea1vv/AD0osI0xFCN0xUc+wpq4kVp10yxCrvO1RnPPck8UO4aKxj8mFN8xPztjJZv8P0pKTj0aFJbRa8RdQmh02zVjHFhpMcDjOB9MVjUI47y6hsISqxoBIWKHgY6Egfam0hGlWrSyJmeT5nOOaHbxJZQveTAGScbtoIII7A1alXfjokoNKv8A9F7yP4q4t7Mxjy4v5jcgZ445/wB9aHMIbzWUCxhooAWKbsZA6fNjPWmLRJYLZ76X5pZsvkgjI+/as2gSOynvpcZc4xzwPai3/wDXBPaUlT/kTuYxd6qm1TsgTOCRgE9gf0rDRx3OokNIAsK9x/V3pi3TydPkviBvlOAO+KDbKYLKWctzIccjrRe43ZXtqLt/yGT+FS+WlpuNzES0rYO0dgP7UO0iEl7NdyIw2LtyBn75rNspjsXmy6NI/B2nDVk7rfTXmGA8zYUnvQym23X8Ehip8/yLWqRt8TqDkABdoBGeetAtQYbOe4YAtMcADrinHspDDBpyHMkp3PtycDuaNBLpxvHS6kxDZxblwM5PY+w+tNi3J8CnHcketILy2uLOOzL+dGyyM6/0YOaYtbjUW1W5vtlw0QRllfO1nYnJBz3yaSSceTNdWmplrqfKCPaMR89Wzn/KgvJJo86x3esm8twPMIjPykntn1+9Ox4H5F5MyjxEPfz3dpBM40+HfeAr5zSb3jToARjg8HH09qhobOKdxAiB3PIU9TTmu+LX1pBaWiLaWwA3ZALMRnBz261D2gCN51nexeZ2EjbCfpnj961qFKjF+Q0+ey3T3Fm+lQSWlrcRXMbrBfxIpMUiogG8j/F8oP3PehTwQRTMIXkmEePLmXl0iPKn0ZcH6/vQfD2t6loWprey2Plw3PyzMDvjOT+bvgHkH2Y1JvbS28DxXEMbvLJvtJo5QzwqGYbT2IIcZHYr60jLF+DVpprI6ZDPbMn8thGyyfOqg/JL/wC0/wBJ9q2ttQvrGVo7QyPHnLQscMPt3p6W1S2fyp0jViTG6HhCwJByOqNnP6felri2/mLGySSogwI24kjHqpHDCsyfNMfLFtFl1q8MhlSXzhuLNEyhWXnsO9NjxBDOrbofKmA+VWHBP17UjFZPesqWxS5y4VRuCSKfv1oLwyNI0MbR3gTho2G2QHuOv9jR+3C7ozSjQ0niF7fIvbJhk8MvT/StLrWbi8Ktp04RAPmUtg5pLdCMRwXDRuDkxTDK59OR/esXEKK5N9YNET0eInZTVjj3QiueCQm8SXxtmtru2ZH2/LIqfMMjrxx3ovh3TZ8rqCyW19bYZZImIJTg8kf09M5prQtGu7GeC8e7hu7K+hMjI5Dnb6EZyD/vNSml3d3c2Nzo8UssNgwRmSL5VlYFcBupI2joD2FOhHdJQguSSlHDDfPoktSWCKGxjg+GCG1jkZbd9wDMMkE4HzDofp1NJspYZyT9a0VFjXapyB09vavF3ZSFAB+tejxw2QUW+TymbI8k3L7NFc78MuMGt32sMrk0NCCRmtlAU8kijFVZoATwVIFekhVkwoxR2MWzKtk+9AMqdRn9KgSiBEQHGK9RhcQ91BPvXqKw0inXFq+8HeuyU/m7VokhExQleCBgdq9AZPIVnBbYRtzxRo7IT3CzxMsilsyKO1eTtJUzqBrcxtO0hQgAksxycntj2q26NePNCYgNsceAB6mqrb2qpId5OzogDZ4qx2U9vbQYx8x5wBS4TSyIqStEvJK0Q8tgoIBI3A45/ahMkbcgjB9qwJ7KeHG91cDnpjPpXomSQ7QwAHY9668JqatCKPbIsgbR6V6W0wu5CCPQUSWCJHCxzFx1rJjVOUY5+pxTFN9Fige6tG3rlQwwSO49Kf07VprebzJlygU4z1Bxxio65uRuHmKQEPQ9KJZrb3DD4i8EIP5TsLA/pTFPgKLplot50u1gIJ82T+rA79B+tbXNzq1vbRosxkIXCbiQKiLCxmWF75NTghETY5lIIABJIAz3UD7ilJje6pKkXmzMyoSiswAx7fWjTsZv46GPiYYYYpDMshI3FVdWIPoSPehu+IU2OrNKmX9snNR72c6yPAU+eM4YA9KythfE7kjft0XNN9yMeGB2PQ2s3we9l81Ff5jt6jjv3FAuFSSRY1hCsTnKjpz0p+CW9+FSE5crnkpjr9aE9tdyYaOLaw9SDQ+5H7JaNpYp7gCBbyRA2CquxxkGh3VrM8xi2FpoY8uFPC9uc00kN7cSKht4RI+1V2DDFs/3NWPSvCElqJZdcumt5pHzhIjISOvJz7H78cVPci/JKKLbSyRPvjcq3Yg81JLcXMiLHLcSuq/lDMTj9anLvRNMlZZoVYOQd/OVP0+nT7Uybe28nyxZWmdoXPkjPHfPY0D1EE6sJpoq7SfNxx9KxHPPBKtxDO6OhyGBxUrcaTEr7xJsDdlUkV5IImkeNxG4RQBhSOaKGeN8MBsJc+MNcuIlWBEiyMMwj3bvfnp9qgZ47qWQSXLSO5H9RJOPvU2svwyLHG6DHU43EfQUWDf5kc0DpOwH/EULj7U33yJLtgdD0b+K208Xlt8rgq4wMHHTJpG9s0trh0hSVowcDK5I+uBVk0u7/hgYzOBvckqoYA8duOtSTp4bvnaS9vWimdPlRPmy+OCSCcDg8Yz7iosiZHC1wcZ8V7rLUWuxcMgvIhuJYDLIMdeo49Kjbfw3OVkvtTikhAi8yKNlKmRs8cdcc55rp2r+A4tfs3FtqMEZtyWId8se3y5x1BqueNWbSL9tMi0u5eQW+8FipYRJtAb5SfQ9a4ethLHkuHKf/R0NMlOFPsosl1e2MhubWTyx+V1xlHH+Fh3HtU54Y8RaLNHJp+trEgklDwnywNhyON3oRng5qv3LQTTAvG6K/wCZVasjSdPlG9GmHPGSKBJNB24stV/dXlvM2pyaZ5dpdMF83d+cEnDYxxkDNbWj238RmM08bsq7IFUjHPGfWq3HNJZqkPxDzwI2fIkc7Tx6dvtRJLnT2vXeyLWrZG3eQSCPRhikzxRfRtx6jgn0T4u9JJby4Opxjd7ViaJ9Wv0toVIVB8w6VG351a1kSZ54mkdQzhFDL7HI6+/0ozXd9p0q+ZBETOu/+WxyFyR3+mazSwM0fkRsavTLe6hDp9tltoww549TXr0TSSx6bErNHHgAFTyftRXil04C/FrPNHKMmVYiVA+uP9aEkbwTJeqfi/iDnbCNz7e/t2pPsyvg0RzxbZrqaMTFp8Yb5DjhO9ZvLJzbxqkscexgoSVsO5PTA4yB1ogtboSrdxxfEzFgUTYWbnucUheT2+nXL6qoV5ScxRMATg8cZz060ePBwmKzZ93xXkb1CFEuYdMgCfKMsQ1aXU0U2prb3MmLW1XcflAz9fb3NJHUI7iNZ7ZSL64fG3O1UB9e1H1I6xp1pNY3kkDRysBJKmcZ/wAGSB6Z4pq07T5BlqFTsLavukvNTg1CMHaUgjKZZznjH/Sl4RqdzBLpjSRrEWBnlKlTJ3Ksx9+KXj1rRdP0/wCGtrCaW7yHMmVwD37ZxjPGe1Vq+1DVbxAkzSCMHOwE7c+uK1Y8NKjJk1KrgmD4gOnRG3tSspV92NoIz7nvx2xUHPcz3k7T3MjO7HJOf7UNYZNmfKb9K9CkgcZQ4705JRMcskpPhkgdJkkthcQMXRhuxg5H+VIrAzHMfX3q1+D9ZGmPcP8AARXUUqhNspYBDn83ykE8e9IeMPCs/h/UcLqFtcRzlnQ284cKM9Mj60uGVPI4S4K2t8kTBc3locRTtC2c9SFP+VW3Sb59XsbTTb+SYT2ZkaJxjDoy4YZHXA7f7NJMM7DqWA/5qPaXl5ZSrLbyvGyNuX2PrTJJPouEpQd2dG01hrVsz3crSanI8aKoHMrE7GQg4y28oRnqGz9VrmExZgZBtGSqMCpQ56KxHH0P/St4dTi8VWsVxpNuItStbRknWPh5AAPmA7qMA8cg59qm7bWLK802LT7mBWnt7lL+7kJAl8p+JwhwQy5Abn8vPBzxhyYXe5HX0+dShUyrXMUcriTy52dSCzKoEie5H9X0/tSNwnm/zJUW5Uf8aP5ZU+o61bx4amukkgUPJNaziXyoQuXsSB/PiIOW/qyACOPanx4D0t3KXGuwlL2b/wC26pAS6bEILLOAOGwep7jqKkYugZ1Loo8Onapqtpc3GnW41O0tQGlDR/zI1PQkj6Hp6VY7XStO0FLuWyvY7mV7VY5rK+gbcspOGXBweP8AKpjWUFvYy+KtKgSxuxqPw8stm5EMhjU/Mgxja3B57lhzzVRfVU1+4uLsTb7guzuuNu71wT3/AMqaoSfQtxjj5lIYuHOrtDJcQpZxRpsCxoAvGM4496etxHFGEgf5QMLGOgocNw5FvLdSJ5bRrEyyEk5G0HPcEZJ+gphoEQ5VuR6V2fT3jSdLldnnvUc88skm/iZMe4bwADjkZpV+F4JH1ANGeRxwQQB6nINaSSxlACcN9OtdG0c3baAqynhXwffitnbA5rCyKWILoPbGTXjcW5Hzqc9jmhtFbGjCTO5I8sjHetihPDDH1rYT2qp8sQLdQdxxWsV1KqSNvTJ5A2g1W8YoswI0AwHB+gr1bQ3F0UyLmIZ7YFepfuhbSvT6fc27lXMUhXGI0PLAjP8Aag2yi3bEcJMjggr3AJra2vIJpidsmSP6m5BPUf77UKWGaW5jNmzI5B8xmIx9vtXmFb4Z0Bi3uBFLvaQcDhDjnim7i9aZV8xHUgggjGD/ANKQazR3MTyp5ka5HPAPejrFOwSGeZUXIIG08felyim+yEvYOHjzuUHuKNJOYMMcbSeuaj5U2R5tJWYAfzRwMGt7K4SYoJEBVeQDzzWzT5XBbUC42TUKvNGrgbN1YeOWLcxaTg5x614v5sYVCVwe1EDSnhpVY+hrorq2KAyNHIuHHUYOaC/lwoxIO1RngU5DbR3F0sVxJ5Ubkbn2lto9cCrRo9/YeH9KvYh5F1JcIUiHkjdGwOA+5unHIwfSr3xgrbLjyyM8IyJLHcQTWySl03xRyIcuM4O3jBPI4J+1H0rw7bXGuXGmaqvwUsBeMxyb8xyDgoNoJBHPXj3qw3Hji18+K2fWp7oO274qRWiYZIJGFw3y9fzYPTjrUV4vu11aOLXPD2qz3d7E0h2Cz8pSCw54JOc55PXvmgeqjtuLH7aFdQ1XT3uLfw1DFLJ5BKtKSCyMDjAbrs284GADUt5PhiTS9kF1NHqQmYBpMtFs7scAk5yMdKqehxxS2V5qd0nwshUvDAiAqeCSD82RnHHB69cilNT1S50y9jmjZvJkTDgEEA9DyO45/Ss/5m293JW0s+uHS9O074yPWIZp84FsiSbwP8RJUDb17k0zDFYvpUVx5jm8dzuQRkKqY4yx5zn0GPeorRrTSdckn1OZTOUGyKJnxtboH5A9PT9TXSfBPgW0v7+G7uvEjWUdtH8QzyWKmOJ1dMDcZNrD5iTkDAU8ciiSnm+S4KlGikx2+5Reeb5XlNuXIPzMOcDHfp2pmS6uJi2JXlDgb3ZizuQOSSQCec47VPfiTquhah4jjTRLiS6jtrVIZZMAKJdzMwBAAP5h2x2HSqfquoRabaGRVJlY7UB/vilzye03ECNsckuvhoz5jbMDO1utCtdWW/ZktZISU/MGJyKpurapeT3Kvcn5FXauFAGfb2pDT7mdHkmfcrqRscNg/tWb36fQzbuXJ0F5b+NiptgSD0UHn9akP4XqNzo95qtq8SNYRrJICeQS+0KO2e9I+DPFvhaNydY+JIiRWlnUAyEAchFOFU5xknsamb3xVY31tF/A4Li3jjjdNgcCPzCw/mDHJbYNvPvinxzRLWJLmyDlVYrvbOHkkhwmQ3faM4xx1BFFFzbhuYZAfbr+9Y2w4B8tcjvjmtle1HDhD9qN5kJaNHktJmUyxT7V6Aov+Qpq2OkdTEi/+8EZpeS5soyMhcGnbSyaZmnggvmRYyzC3RmBHHJx2wep4psHLJVMitmZH0zr5cHbBI46Z/sKoX4hpZxXVtcW6bHmgMeUGAVJyMHOf2q8av4njudUeOfSUgjnlYRb7ZFCbm/MdvLFfducDNRt14csfEEMdxqOoyzXlujRQAxBo8nIALZOBxnABwaPPgShd8mnT3DLZzDRNJj1O8ZJQEEabwXbauRyB98Y+9OjS0DLaxGX4jOHUN8qHGRnjIqw+GfCeqXOpiwsIZPiLiNyqTJjcF5baVzyACftT/ijw7J4Zs1vdQRTdvtcLsxlCSMqeuMggGuV/dlB5I/4m91F0yh/A2okkW68pEjALSCQuAc4IzsHOeMUOXRYbjdMZF8lcASkgg5OO32P3qROtaO4jluNNkeRiX81ZBuPfnAXv+9RkninTbmRXmuL5DFnaqKE4P8AScN2wKqDyPoFuK5AvZzadIRYX8q4O1jFxjnBDDI4o9xfatPFF8ZLBMke5FZ1XOOTjKnnpUp4bvrLV4HkkjdGtnG1pJSzc+4A446VLXvhm1vZVuIjNGwQAeXIF469PvQyzPG9s0SM4vyVF9TtBbRQXem7FjI+YNIu7H1U4PX9aYh1bw/kTW1ndwsvCvHcng//ANBUtd+H1nGFv5Yw35hkDP3xQrjw+I7Vka9DsxyskkKsOBwOPanxi5RtJlvMo9sirHxFYabepeWqXDFOMm7AYj0yAMfY0pfXlzeTm7SwVdxyh8wH/fWpDTNPl+IEIkhmjZxmRUDbl69jx1HBFPJoOqLclysEURc7ljVyWUnpz06DpQ+4l4LUpS5sqlxPq1zciRII4nBBVYVGF57dcVrcW2uXshluVuZ3PVmyxq4S6AY5lEcEaqp+aeQB3C88e36UJLa5TAmtLm4jOVdW8sZB9PpU99tcIFK3TZTxp9/Hy6SgH1jNbiK4XG5h9xVxvLS4s8raxxyW7kBxtfft+gJNLW9sJ7pzcJqFvbu5IbeUESqOMrz19c1I6htWye2VthcIuMR8euRQoLlIJibpGkGR8q1YpdQgtPOspFMqu2UKIzMo/wDceP70PUrLZpyXIUMku0xyMgVycnOcUXuvyU4bQNlHNNdGa0jUo6glM4K+pB+lW3XdXXXltQtrN5lurKz3F15xYHB44yOc9zxiq54O065vtREULBMMHLkZ2qoLMcd8KCcYPSupW8Gj+JvjBp9zfRNbQqlqtsgWWd94QO6FccbssQ39J6dRmz5VCalRqhGKir7Zyq60eVmLMkXPbBFRsujXgPy2Tyg9CFJ/tXb7FYbbRTr1/G0FnZAKGEshkllbGQyNgsqcnJPTA560rf2k0U8Wsa1bPHCoKiea3khSMkA4ePOCOwfA98jiqhrm3VATxRl5OR22h6/azJc6fZTQzRnKuqsGHTP9+lX/AMF+IbfSZzH4n0QQpNZTWc00DBJTvI+baxwCOcEevStJ9Ll1OwX4nw7ayXs04ijd58pg4KlQoHycnk+nWpHTtDspJbC7t9O0mZoVVJ4Vc3RQ9C+F54xg84yRyKa9S2roUsex9kult+GsFrBJZprtvexssMG2SJCYmGWRfnHLeZ1JJ7elNT6RHo1/PYaB4Nuf5tlKiRXziWRUf5TJtTvjI4OeTxwaYhiGn27TajeWtsqTlkeOQbLKDd0RSS7ysOPy4XJwVreObRdTt2iv/Euk/As58pgXhkjccFmhdiz89mO3gHGSaQtTOXSNMciS+TOe3vhu6fQluRft8Mil40xMDhhksquoGDgfMvHSqTpFzFpaW4it1kaRsBySGXNdV8Yap4Ws4ra3tNRu7lbODyyySMYf6tok+UM+BhgMhVL4HQk0TQNGurXSnuHa3aJnRQUnRm53EfKDn79K3aOUnJb+LM+olHJByXgeEqSriSEMM8qwyP1rBS9u9yQ73ZDzjqB3PvxRBG6xtmUImQGbHA9KVUyC5k+Gn82NsAsOADXdc1F9Hn3F+RyMafbSOst3LMyn5Y9g/wDyPSjahpoEUr29zGSgyqRkYx6Y9am9F1DTNEiayu9MVr27iAZjbrI8kbc5ByGBKsCCpB96R161i1yN5/DdpDCII8sXZbfPsu5zvP3JNEpbhkYKiN/gSpYw6iNTtnmLH/yuWR+O+cYNLatp2oWhWe40ZrCKb5owNxU84PLE88VFeVqKHdLbSr7eWf8AKm7CPVdSkNisUspkB2pyoJAJodwDVCTSktsaYJRbeeGFvnkZxR5dA1ON2jbS5g6HayiJiQaUbQNcjs5NRexl+GjkWJ5ccK5zhfr0/UetVZSixtrq2ZiVWIDsD1r1RHlTYAMEgxxyhr1Bt/Zdsi4HeBnZznb+UAgkj1NZWe8umTadiHJwD6de9AvikMh2lmUk4K8celb2RXiXzsYGR7Hof1rjNKrRsJFJVFs0zKzsOAxPB9qL8TM5VfLGCA2c9KAsckkahI9seAWGeN3J/epOHQtTlgE9lbrPIIQ8ig4wo4PX6g/ekOG4KCsWla7ZgsiFEc43K2RmrD4ftbLyPh5TI0rOFRVALOT2A71X7WGSbcLiQQxgDdM+fl7469c1OaJbxXskzQXSGSNo1iLvhpCTjCoMsT349aFXHouSvglyNODbQ5BVgGAPbFWbw54a0LVspPe3Mdw2SkMUBkJXruOWGOjevSqNNbLYalb2sN3E1yx3lpodmxhnIwx7beCccjpziuo+EPEVjN4h/hN1cy22nSpDHBJZ3JgPwxO6ReD8wBPQgsMsOPmFaMOVqa3PgighjXfB2leHRYC10/VdckvFZiImFssQBONxKv1AJ6Dp2qj60t5FdNaT6LNY3E5aWOOWTkRMW24yAGPBHA59BXW28a+G7fT7+y1KeykltDG1rcR3LSPKkm/cYypYjKjhQQRsOW5BrkH4garpcOqw3tlOZJPLjeVJsyKWABYAjO4Z+XaeyDBINaNVPHOlEFRromk8JaLcaRLb6ndJJqOwywra3UUscTDqWcSH05HT0NUJbnWPDU28anuDgqUiJXHHofY/UVedQ8ReG5fAEcYa1XV7udiDb2giZYm/Opc5yBjgc8tnsK59rKRGM3ECSR5JLJncijBIAJ5J4HPvWKcknUQrsxNqchjN1bXLN5wCuJCN4OOuBz3NaWtxPcxXBkBWVdrYk3AyjPOe3GaStLmW1vBczSfMFbLA88j+/St9SuLK3mlazUuJD8shlO8D0JHc55xQp32Qt/hvxva6NaR6beaal2kbtsiAWNgxjKg71G4kHBzntgYrp3hXSLnxTp19a3mvpFe6ky+RaWrAmabP/FLOWWMZ547A1yTwPe2GhiPVJLKG8k80eYjxg4j4zliRtzn0PTkV1LVfG1o6w6T4etoba2h2CfZtJZzgkkrwfzMOp9K2afURwx+Re3cOz/hymizpYnxLpF1IqBpjFdptiYsQUPLHcMZI4x+lcu8aRi0ujFFei5ZS2ZFQqpwemDzx61crSztZ7kokazSspGQAjY64OzknJrnfjDUd+qtDIir5b+UgXOQ2ffqaHJtyNzXQ7bFRpdkQ93NGpDBWxzt9+nNR6X8zzLDLIwHIGwDr24pjUDHaynYH2luctn79B19KTT4eQGRGKSK24sPy/wDekuK8iuCTs7+Pz2iXzN44Bzj6jFXnw7NJNp6l8nkjcTyx9/SubmTKl2/MSvI59j057nvXc/wWtfBWpBYvEfihNFit5Fdg0YkaaJgCwUMhAbAb16dOmahj3zpAtXyQ204xzQLmeK1UvMFC+uKm9P1U6lIhv9Wgsrdp/JG+zTd2JYYAyAM9x9aa1DRLO/uZbFNV8+3jjaTfPAIlbHXgMe3ufYGtj00o+bAcfoqT3UDIJlAdVYDBGRyfSugeH/H2leHPBUVvbeKZbPWBLNKLUFxCAVQRmT5CMEdhzlQKpsWmwQxj4WcxQlmO+Jyq5HfjnqKYTRXvNGi1GzE0lxcSNGsBcbEORh5GPzKOuPlIPOMYNaMOOUFTBhfbQLxz44FwYDfa0urbkBYqrstu2M7ULdjnB6HuDzURofiWAWs1nJZeaZB5UOSRgnv+UnOcnv6dKiPEGn6lBezXOqaRC7WQEygybkCEhOw5+ZgRzjg0fwvf6fqPiSySBorBBMhjLoMK2QeckcAjOSR1xWTLPI8u18LodGXFsungy28QedBf2UcdkdNS4t1nmz5ZllQqF4wMkEnPT1OKhvHE9zrdskt/JvuoUW2fL4AUHcpwcc4LHOMYrpnjn8VtQ0nwtc+GNJiS5l+EMT3tuT5LxMAshVcZ+ZS3U8c9a4NeeJNS1yKK0ugXeIKrkMTkgYBPbOAOe/Oepo3jhpcPsdpjJSc3uKxpYF3eHTTDxyzODggDNQN4gF/cbBgCVv7mpa1u/hNcfjh8r+v+8UrqMQGo3W0gjz3wR9TSsMdsmXPmNkt4UnktLO7nRl4kUFD0YYPWrRBrsMljL8K+LoIxHcIecbfTg/29Kp+igFTFI2yN3G5h1GAO33qak+CtLZceWXZXCk8OwbpkdO1Zc8d0mKrgmLS6E5BndID5Qk+f+vPpRHLZLNl1YEZ6e1JW9zcyQGO5T+SyDnZkoc8farzpF5ZWmkizNkl1Jl498i7dpyCO+OvTIGPXFP0mem1Ni/btnENJh/8AvSA5x5nP0zXSzCjjfA8g4BGSBke3rXOtKI/j0bnoJK6at9AdkLvE3knfFznjqT7cdKvU6h4GnFXZc4voQe4b54LjntuzQHDxErDP8mchgMj610zwB4x0fwvPFd6xpsV/DJfO00JgEjRoFX51UjYCS3UjHHGO9dtdA1bxEby+sdKWLTxIzRzyJshIJyF3Y4OCOvFbsGWGqjyhTTTK3Es9xloZN6oMuSvCj7CqFfeKdVjuZrZhA6xSFVzHnbg44q/3tneaVcPDcQiNnxnoQcAYwRkHr1Brl2qj/wC5XQ//AJn/AP8ARocmHHdqI7DKSXY7p+t6zI7SHUZiQc4ZiwJ64wTirRrJS5062uTcxEznMhG84I6ADnvmq14a06XUTPFE6KyKXy3TA6/oOftV3MthBpvl+QyKWBjZ2/lqQQTg/c8n1rI0pOX6Ne+qskPBdjBoM8Ov3GoWzrZkvFAy3CGZxnCh0AwehIz0zVii/ErVRqP8XuplvpGmaRba5AkghYkFWVf6SuCM55BwRUp4W1nRrn8OfEOl3F/ZNcS2wMOQPMO1lwq8cDk9GzxzXM7i3FsQW7+nSkaHHDWRnLJHlOhmuyzxKCiy96j+JPiS9kWaWz0jcnyxs1ojMmf8JfOOvaqrqWpa3E2oa1fX9wt+6PJE6TDaWOScKOPSkUVZ1cRjzCnULQrq0M1jPNODDH5Uixl+kjKBkD6Bgf0rfj0mHGqjE53vZJyTb6KnH4q8T3UirLr164PGPOIB/SpTTYtQuIHtI2cSAErhiC3due/ANViwyJ0A9avegyQ2epQT3CF4wrFgPdSB+4H60GSCS4Q+GSTfLF4oZLPzZGPktM2AM/0gDv6kisst2LgylfM3HO7Iyc09NJHqspE0hRc5VB0HGP7U7FZtaRLcWoDSqQArH+n/ANwI5rXhiscaRiyJzlbIfUXvr3SJI3tQWRlxsUZbByc/arnYX9hN+Grae8cBmS9BjZoQDtAG4LLwwHJyvPHPFA0rTdT8S3hsLW3Ek4jaQr5gX5VBJOWIHaoe9a6s44baRsW8JcQrsHG5styvQ+/FZ82GWacXF1TsdjyrFjlF+TaaJ4bffcRpsPZ1UjnvzzSctoQqyW80J3Y/JwP0rCzKHUs0+3nd/lTDSxtwJHI69ADWptozr9mJZLrzo7ppWmmiChGPzEBRhR9AO1ek1rXfhl0/LG1UZERAxnOfT3pdpo1yyTsD7nrW/wAZJEgfajE9iOlTcywS3N5Fwu1c8YbJ/bpWCLljvkIAHPy8UO6vnnZGZEXaD+UYob3qSAAs4wOgxj/WpuZVD9tdmCRZDeSxMv5SrYYH60e41GS8Ki51qWfYNqGX5to/0qBluolBYHJHPNaLqO9cOgYfpU3USiRMUQYhdTAGeMkmvVGm6TtbrXqm8m0hr+BUiVQfMBAII70OG3EAUH5g3PpwOakLi33wCVGDCMAcEdKlo9Nt5LGO3e3bzVG5WIGQDnPNctS4o002RmlWd7czQLI6+TI23Kj396tV1bQWFuqMBJGrFmAJWQA+h9OAelWXwJqen6DompWrKsFw0Rw/w4ZxuOCit1GeDkfWoCCRpnnXUGCxEllCAYBPOAPTml5JRg+wknZVZrl1vVa1ZoY5VwUzn5sEf6H601Hrd5oqGayBgJIV3AGSxHUHqDweRg89aPFYWklzeMvmCRWHlNkbevOeOp4FResWHzedI+GMmM89KBTi3yE/pGJb+O6cXcsi7gcF2HU9f71Lza23xUd1NMlwY+hlY4Ixjpk1A2+mJPZyBPOaSM5AUdPfAOelOGySW2lkUzLHARHudckt179BjNMkl4IkyTOpRXjO9vOqSnDFFjPzduD1z/0qO1m+jvZDYxwHdEcEnIPy8Yx68VHWUN15s8ZgcEqVRhnjPGf3ow0+5gCi3Xe7HBZgRyO4z9D+tC9sfJHGiTmsVWCFDfjAj2kMvGeCVXp6gjjrmpYHTDGYYhkxR7VXoXbGcn361VlTUIbgC4Rz5aGPZjIXp9u1MiWdIDLHC7ShgDgA4AHcUieNz53A0/o3e0t3gcKyLKp7kg49fSk/hzJhUbdz+cD5cj/tRVJa4jMqgCQBiWJ49v8AOt41ka5b4YZUuMbQMe/UijUXBcsg5ZNcIjxeb+fI4bbtAGTgHr0q06DNcm9ttPNz5kZl3NvBKtxjcQPsCeuAKQ063ggkiZ2GWjIVgOQSelWe0l0wqihYw6DILZRt2Sc5X7/96qM4xfIcU2WLW7m0tPDsNnbInmlhKwyTgBhhBk4xxnpzwTVG/EM6fe366nZkRyeVGhQJgZWMLwMf8tS2qa9HcQw20bBPKYkBTgcnPTPH7VVdfnBR7iWPDZ+U/Wn+9ue2K4DZVpYmllcoN5U9QaGLefyiTEwU9CBRUkEJIyMPwRnkUaaSPyB8/XhgGPUdyKtszvsFaxqJBuZgx6g8EYHp75NXfwybPT7Oa61axaWZ0bycFSEPODnsenPOO1U+HMwVHjCsAAD+o6++BVu0uGJrZYrhl4JJQnn6GheV4na7CV+RiTULkwQvFbmPEShRsOARgbsE5zxk+v8Aaw6bZ3eqwIkGp3JBb+ZLKuW3HoBt5PIPoM/WoiVre9QW2cjAGFfB/Wh29xcqscVldrALU5DJtVlIPBB65oceucY15CVod1uFYGbTNKe4kaKJmdrgAqCTg/L/AEjr6jr9ambXSvFfh7SG1yWysoLa7C20wkcecpGVBMO7eoycAtxkdcVC6N4v1gX0Fzea7e2ipPHJJ8N80mYgAr4yASuBjPfJxnmsanf2S6vf3cGpS3du8r+TJOCJGQkks6/4jndwcA+9alrlFKddFO2a+MPG9jqWm3mg2OjzlpPLWS6nnDu2wEAoFVdqluSMnoPtTvD+o6joF5DeQl47hAyxOsYLc8ccdeT9M1MalFbXExu3mLYJCDfkLu/pHrz60q5ivGRrYKRIoU7lOM9OPTryayZNd709yRIwrgsTazeDR2eKVFMcm1Y/iMuq9eB6Ek9MAftVSuWWWS5uVAJlOTg8YHQn3wK3vLWXTVdkn8zYxUsCTuXnrjjtUdEu+7dcMofcSGXHAU/tzQSnPNTbD64K6eda/wDbN/nWHO6eQnu5P6miqM6znrmTNbLFukZj/iNdeCS5QDb6LDodnpcloBcE+dtyuc4BB9jmm7zSgRgOrDeVEoyNqqMjIwM9vbJpPTYi1szyplQe68BccfvW1jNdKrCTaEGDw24EE4yfTvXGzbnkbTKvwEt76ewWWSeQ+YIzGN7ZYjGR7Y5pqLXY5T8lw8fmgg7Sejdf7dKQgXe8jSW6bnjIDD8qEL1Hp0A5rwnESAP5bKCSXAySOuzI71Siu/IcUyuaaSNdAHUSEfvVkN5DYXouGHmKhDEDgcHJzx07feq9pqZ8QkDH/qH+9WqWwttUctLcyQuYghIBIxncpf69P0rbqa4surHIvFFuTHHJHNCzYDkZG8c4PH++TU/a+Lf4YomtFhYgcx7ABIgyDkFeeWIx/wB6o95bSWdynwdoUiDBAp7gd8eh549ql7XVIgDJdRg+W7DCpnkgdv8AfWsEnKLuD5EO7Hdd1Iz2FpH8NLAU3DDflxnOFB5AGRXL9TRhfT+pkY10/UoP4jHbDLRqrYYHltuBwBnJJJH2HrVO8a2UNpfwJE7FjGQwPOMGulh1CcVjk7kRcdBvw2urKy1W4kv0dovh5Fwq5O5kwO44ya31EP8Awu4Emchc8/WgeFleK4bYqFZcBiRyAPSrDrNui6XerNcYkeLKIo3AqOS3p6dKKvam93kdOW6Mf0Qmh+I7jU4oNLe1gjEBMjOoOZSAcbznnGWx9anBe6dLBGkETG7EgbPmAJwOODxVN8Hnbqat6f6V0Hw8dMsbhbzVtNuI0WbKSRKwwc/MpGR26YINbtPCMI/EVkcsjVkE5vLF5bnytykZDxOrAHt3rb+O3VzYvp9zCDbjzPKXoQzqMn3OUTj2q7a0NI8S61bW2hXcMNscmTzfkYksxxjqcDA49DxVVvUm012gwkiwyyBHT8uSAu4H6dKuSFxg0c4s+LhQOzYq/wBnFEttFKCDJINuOnQ8f3NUGHEd2SeznP61eIZQNMt7gLlkdjkfQUtRXNhu0MyEHOYAhPdWr0PnRkrGJXB7gc5+tRqajeRyBh8w3BsFcinG1ieXrtjJ5yFAokK6YaW9u7b5kuZ4f+YvyDWINYhjjmikeNzMBguu7BGcd+OvUUhLeCXckw8ztnNLZtAfmRW9M9qspuxqWZJEkG9iWzjDDH70C0UxKNrNuHX5s5rdI1ILBY9rDoKHNcLA21Sq4HTHWpZLNppXBLNGMe/Nbph1yLk57DHApNrnzGy2MGtY5kSQhwSB0AOKhQ81puAYXGcj0peUeQSWwQPTisi/CDhEI9yc0u90szgFVGewqEDpNCcZXqeRt7URhYOj/wAshyMLz09/f0qNeWPJxkHOOteYhjhXz/lUSstKxsW9v6MfcOBXqWwx5PU16i2hUid06zgNokUkYyigEqoGeM8/oBTUexAoTAIXB4+9bBhCu0Dk/Ln1pYy75hz0PNeVnmk3wbGqHhcfLtkbJyRmhS6giuUkAYIm3AAqPWeVpHZF+QYGSKVuJHCswGPmPXvj/vQxxuT5Ksd0yKDDT8lnYsAT36/507II5SpZQSmcZGag0eeNAyMy46EduP8ApR7K8dWQncfnIwe49aOeOTe6yJcjUgjiErFmWVxjAGDSMeYJZMrNulYNgZ5z9KlnVLvocZHXHTmiT6SZXgb4yTcoxkHHI78VMeWnTDshy7wIrvA6MH/qypI/3xSh1SaSQtGpLKxwuMgDBNWCfw/JMYmuL6SRRksGJPp/rSsPhsw3Eht7oo5/q54Hp9OTT1PG+yiPbV5i7IicgkbfTB7ig3OqXRRiz7A55Cr6/wDepVfDwN2ZzqBAJ+Y/4h6E1i98NXK2jF7suikuQX7cZ/aijPFZT46K0gmmfbHlnYFVU9+cUza3TW0SBC2ZBnGePpT7aBflIprOHb8oZecEDGQa3k8P3c6xz2kZWPLNjA4JYnH2yRTd8H5BSs0s9YWEHzY0HXaXOTntzXrfW7oAR72IHQ5zms/wHV5B5Pw6+WepAG7H96cbRtQtrLzBbpIFY5zGOBjtQ/230Wk0AutWkjT+UNrjk4OM/wClJXV7HqMQywViPn45/wB+9MvpWoXsLzysFQZUds++P9aSTSJIZPL+Vzu2ke3r9KJKKLfIgx8oZUZK9qPDdW5EguSQwGAOKLeRrbq6SRhWYgr6FRxxSsMUF1cSvKrRKBkKPWm8NC3EkLF33q/mEq2Bn0FSH8ekti6o6sq8YOCTSpCWkAVEJc4VSOnPX9qRa1EUPnyIRiQgj9qTsUnyWlRJPrjBWYqVJXPyHkihPr8hQMiHAODnvUOGVWUnf5Z+VeO+andOhtTMZpoWCuPmUEHcMcLjHqM0M4Y8atoNMJDqb3Sw20eUe56MnOPqKSudSukEkJmDB+FJ4+X15NTltFaiN0jh2tH8qvj2yR7+v1qJ1jTJr6ZF8wDbIIyOwXhiPpzQY5wm+eiPhAIb2R4AssiNsORtY8gdiKNZu4UvbzPJswpSNexPB/tQ9Mso4trxgGWOZnIfkMMdMY57dalLEBL9hGsixyEjzAMAMcZ+3UCmyUPBSf0N2+o3FvZb2QSRBwd+7IAx0H39OKHJaxXsz38c8iFEI8vGfrU3o1rYP5sN1ADBJncuduRnjsKnAdIs1M1pYR26KMh2cNz+uaXCDUkw445S5Rx2Fc6ywz0Zq3iP/m2U9OTWLBd2rbzxuLn9jW1upa5kPp/rXaglVsU0WZVgjsIgkpiZyN2O+BiiXBUQS28UsYUhW3lBkqDnbTq+F7V7CG7upZVWS3a62hwQQDg4G3IPtRV0G0FvI0FojPE7QjzJmOWAz0yBjHp6VwsuRRnJP7NOPRzlG2QDSSQufLcs2DjC8nIxzUEp1MRtD5cm4cqVUgKf0HPFdAeMW6K6whCXiVRDEgARkzz1Oc8dftVZ12BLyBXnNyWBJJZR1DEDA/vTMOVeQpaTYt1kHpLhvEGf/wCQ/wB6k7S6vjqRWNC58xeTu2BVHy/51D6Ih/jEbdfm5+9Wqwkt47gxsqyzScsMsoXoOMdDxjnP0rbmp402ZH20SN3JKyeepVpCGGSVYJ0B6cZwprQhbI+ZbZUuOfKOCwJ6duMdql4dFuGQzw6LGEAyzGdyFXAAzxxzk/emLLTJChjm0ixm2kNmK5deT144FYVgb5TLWO+SszDUbOKLdgbCBvOSd3OcY9KgvFwk32TzEMWRucHJ5HXNXK4+GiYkWDQMpLfPKw5HcZBqo+Lry31COxuYnLY3KecjNOwYNuRSJLHtRnw4CZ41A64qf12eOWK4VY4xiJwSg287eOmPSoXwsN1zG3YEZpjUNQjle4t5Iwu0yksemcECtOrjKWyhcbborvhbcNQUIBkkYyeK7HZeIrPUbD4f+DafA9vMlwskc0/LjPPlyMV6DHXv9q4z4bdk1RFH+IH9DXRIbCF5zNZSHz0PzI52qMcEj75rVv4VOkGux+78SaNNqKX+paOLVxBGqC3bbtZWHzEAYyQDwfWqy2oi5mZA7FCTtB5x1/0omv6fqrTLNOHaMIAHxkcfTioqy/l3IyxHBHTHY/60y7Qttt0VKUbLuRfSRv71drORE0CKQA5WbbkAHqvv9Kpd2MalOD/+6f71cbKSOLw0Qy7z5ysQDgjg80G6kypc8AjczuxL/l7cAUKRxOSACPtWRqqLbqslqGWTgcZyPSt5J4ZVDx7Y8L82T1Oe3/WkLUrhNUU8Lq0JmBhyshH2rb4K4JG1hj1bgUeK4kiU+b8pXgEAcj1Oa1j1BbiWSO6ZlVR8hUDr7itG7i0KqnyEuLVrdIpIpQ6svzgdQ1R8sZLFmJyakVuEFuyiQPuIIBwSMf2pe4t5lQXKxlo5D8pFBDIm6YW0SICrgZrVAxPJJ+tbYyAxDLk8Ke9FWKQDd5TGn2uwAZhYDJIP0rQoQKblgmiRHmQqJOme9BwMgVVp8EaFlzkg0RIpTxHGx+gpmCOLlZY2wxHzCpqzFvCijaDgHa3O5j7iiTsON9FbMkyfK24EdjXqkLi0klneQRsdxzwK9UsZtLLHBEsSoZdw/NnHIb0pRbR8s2cZJOaf1C0ks7gROV6f05xSodwh+bGR2+teQW6uzY1QBrQNCYlYh8lgeuD24rY6aXhZWdeuTgdelGjbYwbvnIrKI6uC7g84wB7U1NpdgbQEGls8GGkQ5OeRxitzYQK4CMvLcd8etb3VwkCBFDncCSenFCiuVZVlWP5yMEk+9TdLyy9thEsp0fauCPX701kRu6yS4VMYJPNYJkbgPjDDoKDPKU35Gee9LZaQx52SFjkZlA4962RxsLnvwa1sXMiEsB7YFE2AqQfQt96ptIvvgEZojIpEGRtyeaDqM++zmZB8zgRjPQZIH+dP/wAPMca3DMpSZQAMcjt/lSdwkKSQ2xiDbpFwc9Ov6/lFVB/IjiKNcNbqsaZ3j5FHoPQfpR9OuJQFRgfLiG3I9Mdf1rdYYHkeMxgsgPzH1FN2sKIgQjPmA/uQP86NslIx8S5dHUhQAeevSiRXe+F/MYBs8D2pSSTyy8e0Hag6+p/7VrbOuHeRd23GBRKb8EpI3kmQMrOoO58kdM4pWaazSRpPIQsffoCemK3ukLSxrkfMaCdMRkclvmz+aihJt8k4Iq/gbULqTzYc7SNqj09qjZ7CSHUpYEO7Z1+uB/nVrSBI0L4yyNjOOuOKVMUGW8pCHeUFnPXJzWqGVpANc0I21x5BKMoyq9SM/wC+TUjK9teQrAYlAk+Y+/HQfpQLixRV89DgkfN6n/eKBNMEuRGi/LFkLntilzk74BaN3sLF9kbplUPO3rQYysRMcNtlyv5gx4wDnjvQ1uS+58YzQFkZLoMDy4YEj0Bqqb7ZSQwt3K7B/M8qQDcFLYBA/wC9PSXKFAzW35huUg4OT1P60hdXVoVhcwMWLn09B/rRPjYVeEiE5wdvoAST0qtqa4VBmxG+UNGrR8cgN04Hf7Grx4Y07RdTgJuZ5TdBuVOMe2Pp0qjGTzJWRWZGHBI7034furhSzmQ/MxXr2zRRTQeNpSpo6nDoOmx4ZZAu3jBIJP1qJ8UWtvbadmNUGZEXnGMEgUhYTy3K/wDqOCP+Y80t4jaSbSbmIYDRSLyTkcEGjba5s2xcVxRzuKJ7XXZbZ33CMuA3+IYOD/asW+TcP71Na1aB9Y+OiCpvgy47liuSf7fpUPbtiZvpXXwvdFNnOyLbNo6jIk8mi2ZRflOlTBRt6nK8fXihi2EfnmVdu+9B3Yx8vlYz9M05pN5ENKtYZEZmEK7f8I4B/wA6fjlDW1xOsUa7EOz5cnIHeuZk0q3ylI6UM1QUURSxvJFDEqMdi2zbdpJygIPPOcnml10O9mIbyyuVmi+ZcAq7E/rVstZVW3gef8zQxs3looBJQE/uTSOsT2raZewwiYSmB9rE8A468VIQhjlSRJbpLk5jH4b0zSbyRm8S27SKSVtlXzHLdl+UkDr37CrjdeDNPvZkWOylMrKu3yHbPI/w5x+1cq0u5WDURK8e/aScdP8AtX0X4YtmbR7HVo/LS4e3DE7cg55H+/atWoVY1RiwQU5yTKzeaGui6aDPez+YuAEmTJJPYZx/ao63v7a3uWimt5DODtPlkhyfTjrU54n0TxFe34utTvbWWEZCIrt8o+mKd0qCGSIloITgEkmNc1mi+DQopOkLyQajqCLi9MccIyIkALOuO57dK5/+KM1syadb21zbSCIyhlhXAQ4Q8kDBPfium3fw1xA1s6SiNsbgjlM4zgHb1HNc6/FK0ggt9NMK7RvlGAAOy+lPxP5issbVlY8PybH8sAfMK6NrtpZ3Gl+fJBaTP8IHV5I1Dg7BjBAySMDv2rmuiY8wdfTiuq6lCzaQsbEEPbAD2ylas/EImbTrdJ2cKs7ia11AGEgHdjJHT3q6RXk1vMo1CSW4ULu83d/MUZOR6MOOh59xVRNk9vfjc4b5+1Wh0fzzI8hYtGuB2GST/lWXUS/to04MUck2pFssYdWu4BNoc0dygIJjMoQqe+VbGKitVg1J9QiS7spI5gCgcIFD/cDFLxyTWYhubSZ4ph0dTg4yeKsOjeIpbu4xe28ZnVSquoDAkckkHjmseLVPpB5NEoO7OT63byWWt3NtMuHSU5A7VMTpPP4daO3Ukh1Y8dulJeL1x4ju3PLMwYn1OBU3olmmp6bLZyOVDJvBHqORXZx8wtmGSqVFej3RQiFWeUsM4/wn/KtBK+XWPKug+ZWI6gY+/NaXFrLbZC3BOxtv7n/SgQoks5EsjZY4yBnv9axuKJu28Ezpd288rw6luKj06n6e1TN5o9hDb/FL5wXAyx5x6daW0i1hFsphkkiln5yoGMA4/wAhUpGt1bvJa+aHLKW+boV7jHrWfJkyQmtr4I8aasiZYrCCNCICNwzlnz2JOPrintIu5xDJFCDL8uAuQWOGXkDr6g+1F1HT7drE6gIkUuCNo7VXgzG4EW7ALkEgc8+9M93em0Uo0iavGsZxHcPGIvK3ZyB83cdPTpQvOhIXyQGDcgZx3NBuPMumTzH3KmBgkkkVpc3EdtIiRxYXaT1/StWObeGxKVypkrZanK1uxmiWVMbyOpC9/fHrS1w2mzyRzksAinAbALN6gjt3qGgu3EqoMoAxAKnBBPpUlNHJdXJlmfdhTkZx0H/alaeTctrGSoZjjhNmm1ySWJwoyBhc8/ejQa2kd0jLDbttBOSvbBzkVpp1rE07rllCICMMetO6ZomnTas1vfxSSL5Zb+VJsOdw7kH19K6KFxuz38atjkxRQKvoTzXqjvFGlQaDrU+nWql4VWOSPzW3MA6BsEgAHGfSvUXtMdyf/9k=\"><br></div>讨论信息，可上传图片<div><br></div><div><br></div>', '2022-12-07 22:10:45', '2', '1001');
INSERT INTO `t_post` VALUES (14, 'fff烦烦烦方法', '<p>、</p><p><br></p><p><br></p><p>爱的色放</p><p><span style=\"background-color: rgb(255, 255, 0);\">阿迪斯发士大夫</span></p>', '2022-12-07 22:12:29', '1', 'admin');

-- ----------------------------
-- Table structure for t_yuyue
-- ----------------------------
DROP TABLE IF EXISTS `t_yuyue`;
CREATE TABLE `t_yuyue`  (
  `id` int(11) NOT NULL AUTO_INCREMENT COMMENT 'ID',
  `zixishi` varchar(255) CHARACTER SET utf8 COLLATE utf8_general_ci NULL DEFAULT NULL COMMENT '自习室',
  `zuowei` varchar(255) CHARACTER SET utf8 COLLATE utf8_general_ci NULL DEFAULT NULL COMMENT '座位',
  `state` varchar(255) CHARACTER SET utf8 COLLATE utf8_general_ci NULL DEFAULT NULL COMMENT '状态',
  `yuyue_time` datetime(0) NULL DEFAULT NULL COMMENT '预约时间',
  `jieshu_time` datetime(0) NULL DEFAULT NULL COMMENT '结束时间',
  `weiyue` varchar(255) CHARACTER SET utf8 COLLATE utf8_general_ci NULL DEFAULT NULL COMMENT '违约',
  `weiyue_yuanyin` varchar(255) CHARACTER SET utf8 COLLATE utf8_general_ci NULL DEFAULT NULL COMMENT '违约原因',
  `create_name` varchar(255) CHARACTER SET utf8 COLLATE utf8_general_ci NULL DEFAULT NULL COMMENT '申请人',
  `create_by` varchar(255) CHARACTER SET utf8 COLLATE utf8_general_ci NULL DEFAULT NULL COMMENT '申请账号',
  `create_time` datetime(0) NULL DEFAULT NULL COMMENT '申请时间',
  PRIMARY KEY (`id`) USING BTREE
) ENGINE = MyISAM AUTO_INCREMENT = 5 CHARACTER SET = utf8 COLLATE = utf8_general_ci COMMENT = '订座预约' ROW_FORMAT = Dynamic;

-- ----------------------------
-- Records of t_yuyue
-- ----------------------------
INSERT INTO `t_yuyue` VALUES (1, '一自习室', '0', '退座', '2022-12-07 10:30:00', '2022-12-07 12:30:00', 'Y', '超过10分钟不在座位！', '张三', '1001', '2022-12-06 21:17:51');
INSERT INTO `t_yuyue` VALUES (2, '一自习室', '1', '退座', '2022-12-07 17:00:00', '2022-12-07 18:00:00', 'N', NULL, '张叔叔', '1001', '2022-12-07 16:20:48');
INSERT INTO `t_yuyue` VALUES (4, '一自习室', '4', '占用', '2022-12-07 22:00:00', '2022-12-07 23:00:00', 'N', NULL, '张叔叔', '1001', '2022-12-07 21:58:30');

SET FOREIGN_KEY_CHECKS = 1;
